index_id,salarylow,salaryhigh,request,edu,company,position,positionname
0,20,35,经验5-10年,不限,企朋,杭州,测试经理/测试主管/测试组长
1,20,40,经验5-10年,本科,爱奇艺,上海,测试经理
2,15,30,经验5-10年,本科,卓越教育集团,广州,测试经理
3,20,40,经验3-5年,本科,美柚,厦门,测试经理
4,8,12,经验3-5年,本科,润铭网络,厦门,测试经理
5,11,14,经验5-10年,本科,重庆盘古美天物联网科技有限公司,重庆,测试经理
6,15,20,经验5-10年,本科,南京创网,南京,测试经理
7,16,20,经验5-10年,本科,RulerTech然诺,东莞,测试经理
8,12,18,经验5-10年,本科,浙大正呈,杭州,测试经理
9,15,20,经验3-5年,本科,北京联众合网络技术有限公司,北京,测试经理
10,10,20,经验3-5年,本科,四海华彩互联网,武汉,测试经理
11,7,12,经验不限,本科,世纪超星,武汉,测试经理
12,15,20,经验5-10年,本科,商询科技,北京,测试经理
13,15,25,经验5-10年,本科,一智通,广州,测试经理
14,8,13,经验3-5年,大专,伊品众,苏州,测试经理
0,10,15,经验3-5年,本科,快仓智能仓储,苏州,硬件测试组组长
1,10,15,经验3-5年,本科,G7,北京,硬件测试工程师(J11525)
2,15,30,经验5-10年,本科,狮博,上海,硬件测试工程师
3,12,24,经验5-10年,大专,哈罗单车,上海,嵌入式测试工程师
4,8,16,经验3-5年,本科,武汉佰钧成技术有限公司,深圳,硬件测试
5,10,20,经验3-5年,本科,云天励飞,深圳,硬件测试工程师
6,5,9,经验1年以下,本科,蓝鸽集团,广州,硬件测试工程师
7,7,14,经验3-5年,大专,风向标,杭州,硬件测试工程师
8,15,23,经验3-5年,本科,聚美优品,北京,硬件测试工程师(1979)
9,10,20,经验5-10年,本科,速腾聚创,深圳,硬件测试工程师
10,8,10,经验1-3年,本科,绿盟科技,北京,硬件测试工程师
11,10,15,经验3-5年,本科,一加手机,深圳,硬件测试工程师
12,6,10,经验1-3年,大专,智芯,深圳,硬件测试工程师
13,15,25,经验3-5年,本科,地平线机器人,北京,硬件测试工程师
14,15,30,经验1-3年,本科,比特大陆,北京,硬件测试工程师-北京-01375
0,4,8,经验不限,本科,武汉佰钧成技术有限公司,武汉,手机测试
1,10,20,经验不限,本科,APUS Group,北京,手机测试工程师
2,13,25,经验3-5年,本科,达闼科技,北京,手机测试工程师
3,6,12,经验1-3年,大专,武汉物易云通网络科技,武汉,测试工程师
4,8,10,经验不限,大专,科脉远望,北京,手机测试工程师
5,10,15,经验1-3年,本科,百度文学,北京,测试工程师
6,15,30,经验5-10年,本科,前海联动云,深圳,测试工程师
7,7,14,经验3-5年,本科,优克联,西安,手机测试工程师
8,10,13,经验3-5年,大专,冻品在线,福州,测试主管
9,5,10,经验1-3年,本科,润和软件,西安,手机测试工程师
10,15,25,经验3-5年,大专,轻松筹,北京,测试经理
11,8,15,经验1-3年,本科,学部,北京,手机测试
12,10,20,经验3-5年,本科,Voyageone,上海,高级软件测试工程师
13,10,20,经验3-5年,大专,万象智慧,深圳,测试工程师
14,5,10,经验1-3年,大专,利万嘉,北京,手机测试工程师
0,15,30,经验3-5年,本科,PingPong,西兴,法务经理（涉外）
1,12,20,经验5-10年,本科,驿公里,长河,财务总监
2,10,20,经验3-5年,大专,食趣,余杭区,财务主管
3,10,16,经验5-10年,本科,智会学,仓前,财务经理/主管
4,11,15,经验3-5年,本科,介子网络,仓前,投资经理
5,15,25,经验5-10年,本科,大搜车,余杭区,高级法务经理（投融资方向）01-01-02
6,25,50,经验5-10年,本科,工猫,余杭区,董事长秘书
7,10,20,经验3-5年,本科,米趣科技,开发区,投资经理（业务）
8,25,35,经验5-10年,本科,触手直播,西湖区,法务总监
9,6,8,经验5-10年,本科,雷数科技,仓前,财务会计
10,18,33,经验3-5年,本科,铜板街,文三路,高级法务经理
11,5,10,经验1-3年,大专,慢慢买,滨江区,外站内容运营
12,15,25,经验5-10年,本科,贝贝网,江干区,税务经理
13,15,20,经验5-10年,大专,触角科技,文三路,财务总监
14,15,25,经验5-10年,本科,鸟瞰智能,余杭区,财务总监
0,8,16,经验1-3年,本科,微链welian.com,翠苑,融资顾问
1,2,4,经验应届毕业生,本科,大搜车,余杭区,融资实习生09-02-01
2,10,15,经验1-3年,本科,三滴水科技,仓前,融资经理
3,21,36,经验3-5年,本科,聚裂科技,下沙,融资总监
4,8,16,经验1-3年,大专,基石信息,古墩路,融资经理
5,15,30,经验不限,大专,中国平安,杭州,融资经理
6,8,15,经验3-5年,本科,曹操专车,滨江区,融资租赁专员
7,20,40,经验不限,不限,蚂蚁金服集团,古荡,蚂蚁金服-JAVA开发专家（融资、核心平台）-网商
8,20,35,经验5-10年,本科,杭州安厨电子商务有限公司,滨江区,投融资总监
9,20,40,经验5-10年,本科,星巢网络,西溪,财务总监
10,7,12,经验不限,大专,58到家,庆春路,销售顾问――滨江区
11,10,20,经验不限,硕士,八维通科技,滨江区,投融资研究员
12,5,10,经验1-3年,大专,蜂泰,长河,商务BD
13,15,30,经验3-5年,本科,PingPong,西兴,法务经理（涉外）
14,4,8,经验1-3年,大专,武汉佰钧成技术有限公司,长河,电话信息催收员
0,11,15,经验3-5年,本科,介子网络,仓前,投资经理
1,8,12,经验1-3年,本科,赛飞软件,朝晖,投资主管
2,8,16,经验1-3年,大专,银程金服,文一路,投资经理
3,6,10,经验不限,大专,微贷网,滨江区,投资顾问
4,25,40,经验5-10年,本科,大搜车,余杭区,投资总监12-04-20
5,20,40,经验5-10年,本科,同盾科技,仓前,投资顾问
6,4,8,经验1年以下,大专,润n科技,长河,投资顾问
7,10,20,经验不限,本科,杭州派对家,余杭区,投资经理
8,5,8,经验不限,不限,龙环普惠,宁围,销售/投资顾问
9,8,12,经验1年以下,大专,奕程资产,市心北路,投资顾问
10,16,30,经验5-10年,本科,公信宝,西湖区,区块链投资经理/投资总监
11,15,20,经验1-3年,本科,浙江执御信息技术有限公司,拱墅区,投资经理
12,10,20,经验5-10年,本科,达迩科技,白杨,投资经理
13,10,18,经验1-3年,本科,金科文化,萧山区,投资经理
14,8,15,经验1年以下,大专,娜谧什,西湖区,投资助理/网络营销/销售代表
0,10,15,经验3-5年,本科,polosport服饰,仓前,商品经理
1,12,24,经验5-10年,本科,云集,滨江区,00106-商品经理（服装）
2,25,40,经验5-10年,不限,环球捕手,西湖区,高级商品经理
3,15,20,经验5-10年,大专,环球捕手,西溪,餐厨百货商品经理
4,15,25,经验5-10年,本科,环球捕手,西湖区,美妆个护高级商品经理
5,15,25,经验5-10年,大专,环球捕手,西溪,高级商品经理（服饰箱包）
6,15,25,经验5-10年,本科,环球捕手,西湖区,服饰箱包高级商品经理
7,15,25,经验5-10年,本科,环球捕手,西湖区,保健高级商品经理
8,15,25,经验5-10年,本科,环球捕手,西湖区,母婴高级商品经理
9,6,12,经验1-3年,本科,云集,滨江区,商品专员/助理
10,8,16,经验3-5年,本科,云集,滨江区,高级策划
0,8,12,经验3-5年,本科,宗盛智能,余杭区,采购经理
1,15,30,经验5-10年,本科,我在家,仓前,采购经理
2,8,15,经验5-10年,大专,妈妈好,上城区,采购经理（母婴类）
3,15,30,经验3-5年,大专,海拍客,西湖区,高级采购经理
4,8,15,经验5-10年,本科,杭萧钢构,萧山区,采购经理（幕墙类）
5,12,18,经验5-10年,大专,环球捕手,西溪,采购经理
6,10,20,经验3-5年,大专,微格,滨江区,采购经理
7,10,15,经验3-5年,大专,杭州安厨电子商务有限公司,滨江区,采购经理
8,25,35,经验5-10年,本科,网易,滨江区,高级采购经理
9,10,15,经验3-5年,大专,美逛,西溪,采购专员/采购经理
10,8,15,经验3-5年,本科,贝贝网,江干区,采购主管/经理（美妆/个护）
11,12,22,经验3-5年,本科,脉道,西湖区,采购经理
12,15,30,经验10年以上,大专,云集,滨江区,采购经理（美妆）
13,8,15,经验1-3年,大专,诚淘网络,古荡,采购经理
14,5,9,经验3-5年,大专,迎创,西溪,采购
0,5,8,经验1-3年,大专,沃趣科技,江南,采购专员
1,4,8,经验1-3年,大专,会搜股份,江干区,采购专员
2,5,8,经验1-3年,本科,奇点云,余杭区,采购专员
3,4,6,经验1-3年,本科,海拍客,西湖区,采购助理
4,4,6,经验1-3年,大专,丹派家具,西溪,采购专员
5,5,9,经验1-3年,本科,络驿国际,下城区,采购专员
6,6,12,经验不限,大专,车国,江干区,车源采购专员
7,5,7,经验1-3年,不限,远传技术,江南,采购专员
8,4,5,经验不限,大专,备胎说车,三墩,采购专员/助理
9,6,8,经验3-5年,大专,手拉手电子商务,高新文教区,采购专员
10,8,15,经验3-5年,本科,杭萧钢构,萧山区,采购专员（管材）
11,5,6,经验1-3年,大专,象外视界,西溪,采购专员
12,5,8,经验1-3年,本科,挖财,高新文教区,采购助理-杭州-01021
13,4,8,经验不限,本科,龙创,东新路,采购专员
14,4,5,经验应届毕业生,本科,张太和,西湖区,采购助理
0,20,30,经验5-10年,本科,年糕妈妈,西湖区,主编-杭州-00233
1,6,10,经验不限,不限,网达软件,近江,高级编辑/主编
2,10,20,经验3-5年,本科,多麦,江干区,主编
3,10,20,经验3-5年,大专,杭州推宝科技有限公司,高新文教区,女频主编
4,10,20,经验3-5年,大专,笔耕,西溪,主编
5,8,16,经验3-5年,大专,鼎好,三墩,主编/总编
6,8,16,经验3-5年,本科,一幅画,杭州,新媒体编辑/主编
7,10,20,经验1-3年,本科,众媒集团,拱墅区,责任主编
8,6,12,经验不限,本科,如涵控股,江干区,公众号主编
9,6,10,经验1-3年,不限,链汇科技,四季青,新闻主编
10,12,15,经验3-5年,本科,巴比特,西湖区,国际站主编
11,10,20,经验1-3年,本科,闪票云,长河,女频主编
12,15,20,经验3-5年,本科,云梯科技,西湖,新媒体主编
13,6,9,经验1-3年,大专,买手传媒,余杭区,视频主编
14,8,16,经验3-5年,本科,Momself,西兴,内容主编
0,10,15,经验3-5年,本科,圆通,仓前,客服经理
1,15,25,经验3-5年,本科,我在家,余杭区,客服经理
2,6,8,经验3-5年,大专,尊网科技,良渚,客服经理
3,4,8,经验不限,大专,人人友信,宁围,客服经理
4,8,10,经验1-3年,大专,广易金服,西湖大道,客服经理
5,7,10,经验3-5年,大专,目睹直播,翠苑,客服经理
6,5,7,经验不限,大专,空岛,仓前,做一休一客服
7,5,8,经验3-5年,大专,青团社,余杭区,客服经理（C端）
8,10,20,经验3-5年,大专,小余教育,古墩路,客服经理
9,7,10,经验1-3年,本科,杭州泓捷新能源汽车有限公司,仓前,客服经理
10,8,10,经验3-5年,大专,知坤科技,三墩,客服经理
11,10,15,经验5-10年,本科,校宝在线,文三路,客服经理
12,8,15,经验5-10年,本科,乐刻运动,西溪,客服主管
13,20,30,经验5-10年,本科,米雅,西兴,客服经理
14,13,18,经验3-5年,本科,纵横新创,仓前,客服经理
0,4,6,经验1-3年,大专,好食期\u0026爱抢购,仓前,淘宝客服
1,5,6,经验不限,大专,NALA,江干区,淘宝客服
2,4,8,经验1-3年,不限,DY,滨江区,淘宝客服
3,4,5,经验不限,不限,众美达人,余杭区,淘宝客服
4,4,5,经验1-3年,大专,淘粉吧,翠苑,淘宝客服
5,4,8,经验不限,大专,米标,白杨,淘宝客服
6,3,5,经验不限,大专,宇派电商,古墩路,电商客服/淘宝客服（西湖区）
7,4,6,经验1-3年,不限,杭州热讯,滨江区,淘宝客服
8,4,8,经验1-3年,不限,四季青网络,江干区,淘宝客服
9,3,5,经验不限,不限,百商,天目山路,淘宝客服
10,4,8,经验3-5年,大专,浙江鑫鑫家居,江干区,淘宝客服
11,4,8,经验1-3年,不限,天铭科技,滨江区,淘宝客服
12,4,6,经验不限,不限,木磐尼,市心北路,淘宝客服
13,4,8,经验不限,大专,搜道网,三墩,淘宝客服
14,3,5,经验不限,不限,杭州悠可,下沙,淘宝客服
0,14,22,经验3-5年,大专,每日给力,西溪,游戏界面设计师
1,8,11,经验1-3年,大专,边锋,翠苑,游戏界面设计
2,10,18,经验3-5年,本科,寰聚网络,长河,游戏界面设计师
3,10,15,经验1-3年,大专,网易游戏,长河,游戏界面设计师
4,14,25,经验3-5年,大专,游卡桌游,西溪,游戏界面/游戏UI设计师
5,5,8,经验不限,大专,杭州掌亿,西溪,转行游戏界面设计师（可培养）
6,13,23,经验1-3年,大专,网易,滨江区,界面特效（动效）设计师
7,8,16,经验1-3年,大专,无端科技,西湖区,游戏特效设计师
8,8,12,经验3-5年,大专,乐港,西湖区,游戏特效设计师
9,5,10,经验1-3年,不限,奇侠互动,西兴,游戏特效设计师
10,15,30,经验应届毕业生,本科,西安团创网络科技有限公司,长河,游戏交互设计师
11,12,24,经验3-5年,大专,星飞,滨江区,资深游戏动作设计师
12,10,15,经验1-3年,本科,佛山市宝诗龙精密五金有限公司,长河,游戏交互设计师（杭州）
13,30,50,经验5-10年,本科,藤木网络,滨江区,游戏制作人
14,10,15,经验1-3年,大专,三七互娱,长河,游戏UI设计师
0,10,20,经验不限,不限,流金,西溪,游戏特效师
1,7,9,经验1-3年,大专,碧游,文三路,游戏特效
2,10,20,经验不限,不限,杭州魔境网络科技有限公司,西兴,游戏特效
3,8,16,经验1-3年,大专,无端科技,西湖区,游戏特效设计师
4,8,16,经验1-3年,大专,杭州朝露科技有限公司,长河,游戏特效
5,6,12,经验1-3年,本科,幻豆网络,西溪,游戏特效
6,9,18,经验1-3年,不限,CIMU,西溪,游戏特效
7,10,15,经验1-3年,大专,掌魂科技,浦沿,游戏特效师
8,10,15,经验应届毕业生,大专,灿龙,西兴,游戏特效
9,12,24,经验3-5年,大专,游卡桌游,拱墅区,2D游戏特效师
10,8,12,经验3-5年,大专,乐港,西湖区,游戏特效设计师
11,5,10,经验1-3年,不限,奇侠互动,西兴,游戏特效设计师
12,2,3,经验不限,不限,网易游戏,长河,游戏特效设计实习生
13,15,30,经验3-5年,不限,网易,长河,资深游戏特效设计师
14,5,8,经验1-3年,不限,掌派游戏,余杭区,游戏特效设计师
0,10,15,经验1-3年,大专,每日给力,西溪,原画师
1,6,10,经验1-3年,不限,十字星动漫,东新路,原画师
2,7,12,经验1-3年,本科,边锋,翠苑,原画师
3,6,12,经验1-3年,本科,杭州新爵科技有限公司,西溪,原画师
4,12,15,经验1-3年,大专,无端科技,西湖区,枪械原画师
5,6,10,经验1-3年,大专,跟屁虫,仓前,原画师
6,4,8,经验不限,本科,鲜芋科技,西溪,原画师
7,6,12,经验3-5年,本科,阿优文化,萧山区,原画师
8,15,30,经验3-5年,本科,网易游戏,滨江区,动画原画师
9,10,20,经验3-5年,不限,藤木网络,江南,场景原画师
10,4,6,经验1-3年,大专,欢乐书客,西兴,原画师
11,6,12,经验1-3年,大专,天极峰数娱,高新文教区,场景原画师
12,5,8,经验应届毕业生,大专,杭州极视科技（极视互娱）,下城区,游戏原画师
13,15,30,经验应届毕业生,本科,金佰利,滨江区,动画原画师_杭州
14,10,20,经验1-3年,本科,汇玩科技,高新文教区,场景原画师
0,20,40,经验3-5年,不限,顺网科技,西湖区,驱动开发工程师
1,15,30,经验3-5年,本科,加速云,西溪,驱动工程师
2,10,15,经验3-5年,本科,向上软件,余杭区,驱动工程师
3,8,12,经验1-3年,本科,宇视科技,西兴,驱动开发工程师
4,10,20,经验3-5年,本科,赛鲁班,仓前,Linux/android BSP/驱动开发工程师
5,15,30,经验5-10年,本科,Roid,余杭区,驱动开发工程师
6,15,25,经验5-10年,本科,众合科技,长河,高级/驱动软件开发工程师
7,18,25,经验3-5年,本科,Raymax,余杭区,高速网卡驱动开发-Linux
8,30,60,经验5-10年,本科,淘宝,临平,钉钉(Dingtal)-固件驱动开发专家-硬件技
9,15,25,经验3-5年,本科,涂鸦智能,古墩路,android 驱动开发工程师
10,10,20,经验1-3年,本科,潮流网络,西湖,Linux驱动开发工程师
11,10,20,经验1-3年,大专,Uni-Ubi,仓前,嵌入式驱动工程师
12,3,4,经验应届毕业生,本科,网易,长河,嵌入式软件开发实习生（驱动开发方向）
13,10,20,经验不限,大专,立宇泰电子,西湖区,Linux开发工程师驱动工程师嵌入式软件开发
14,10,20,经验1-3年,本科,Loation,西兴,Android 驱动开发（Linux）
0,7,14,经验3-5年,本科,行我行,拱墅区,电路设计师
1,5,10,经验不限,大专,嘀视科技,西湖区,电子工程师/PCB板电路设计工程师
2,8,12,经验1-3年,本科,云付宝,浦沿,电子电路工程师
3,3,5,经验不限,本科,海康威视,江南,YF-硬件设计工程师实习生
4,8,15,经验不限,硕士,瑞盟科技,浦沿,模拟IC设计工程师
5,10,20,经验1-3年,硕士,浙江省微波毫米波射频产业联盟,三墩,射频芯片设计工程师（CC）
6,11,18,经验3-5年,本科,创联科技,文三路,资深电子工程师
7,15,25,经验3-5年,本科,涂鸦智能,西溪,高级硬件工程师
8,15,25,经验3-5年,本科,棒米科技,杭州,硬件开发工程师
9,12,24,经验3-5年,大专,车纷享,西兴,嵌入式硬件开发
10,12,18,经验3-5年,本科,杭州中芯微,滨江区,硬件开发工程师
11,6,10,经验1-3年,大专,杭州朗迅,浦沿,售前技术工程师
12,15,30,经验3-5年,本科,虹软,文一路,硬件开发工程师
13,15,30,经验5-10年,本科,奥能电源,三墩,高级电源开发工程师
14,10,20,经验1-3年,本科,杭州谷航科技有限公司,南星,软件工程师
0,5,10,经验不限,不限,茂葳科技,下沙,单片机
1,9,18,经验3-5年,大专,易雅通,四季青,单片机开发工程师
2,6,9,经验1-3年,本科,杭州速利科技有限公司,江干区,单片机工程师
3,6,10,经验1-3年,本科,云付宝,浦沿,单片机开发工程师
4,5,10,经验1-3年,大专,攀卓科技,闲林,单片机软件工程师
5,8,15,经验3-5年,不限,瓦屋科技,滨江区,嵌入式软件开发（单片机）植保无人机
6,9,18,经验3-5年,本科,易雅通,四季青,嵌入式软件工程师（STM32单片机方向）
0,6,12,经验1-3年,大专,博奥特科技,宁围,测试工程师
1,5,8,经验1-3年,大专,迎创,西溪,测试
0,10,15,经验3-5年,大专,兆云科技,西溪,白盒测试
1,8,15,经验1-3年,本科,企朋,西溪,测试工程师
2,6,10,经验1-3年,本科,通卡联城,近江,测试工程师
3,15,25,经验3-5年,不限,连连支付,滨江区,测试 (MJ000090)
4,10,20,经验3-5年,本科,亿咖通科技,滨江区,测试
5,10,15,经验1-3年,本科,个推,古墩路,测试（一）
6,8,15,经验3-5年,大专,云霁科技,仓前,测试工程师
7,9,15,经验不限,大专,武汉佰钧成技术有限公司,仓前,测试
8,8,15,经验3-5年,本科,红花朵朵,西溪,测试工程师
9,9,18,经验3-5年,大专,空岛,仓前,测试
10,8,15,经验3-5年,大专,阿拉丁信息科技,滨江区,软件测试
11,8,16,经验1-3年,大专,小泰科技,长河,测试工程师
12,8,15,经验3-5年,大专,税友软件,滨江区,测试工程师
13,5,8,经验1-3年,大专,迎创,西溪,测试
14,15,25,经验5-10年,本科,银承库,江干区,测试专家/测试leader
0,4,8,经验1-3年,本科,泡泡游戏,西溪,游戏测试
1,8,15,经验1-3年,大专,游卡桌游,翠苑,游戏测试
2,4,6,经验1-3年,大专,无端科技,西湖区,游戏测试员
3,5,10,经验不限,不限,盛和游戏,宁围,游戏测试
4,8,12,经验1-3年,本科,勤路软件（Lucyo）,文三路,游戏测试工程师
5,5,10,经验1-3年,大专,杭州迅猛龙网络,江南,游戏测试员
6,6,12,经验1-3年,大专,千指鹤,文一路,游戏测试工程师
7,10,15,经验1-3年,本科,网易,长河,游戏测试工程师
8,8,15,经验1-3年,大专,深圳雅乐,古墩路,游戏测试工程师
9,4,6,经验1-3年,大专,冠赢网络杭州科技有限公司,滨江区,游戏测试工程师
10,4,7,经验1-3年,大专,掌派游戏,余杭区,游戏测试工程师
11,4,8,经验应届毕业生,不限,南昌鎏彩科技有限公司,西溪,初级游戏测试工程师
12,4,7,经验不限,大专,碧游,文三路,游戏测试
13,7,14,经验1-3年,本科,薪火网络,西兴,游戏测试
14,7,12,经验不限,大专,锦鲤网络,西湖,游戏测试工程师
0,20,30,经验5-10年,本科,Remar Holdings,仓前,C++应用架构师
1,10,20,经验1-3年,大专,武汉佰钧成技术有限公司,仓前,c/c++开发工程师
2,10,20,经验3-5年,本科,浙江新再灵科技股份有限公司,长河,C/C++开发工程师
3,15,20,经验5-10年,本科,美国道富,翠苑,C/C++
4,14,28,经验3-5年,不限,涂鸦智能,古墩路,Android Native C/C++工程师
5,7,10,经验1-3年,大专,信雅达,江南,C开发工程师
6,12,15,经验不限,硕士,蓝鸽集团,四季青,C/C++软件工程师
7,5,10,经验不限,本科,成功软件,西湖区,C开发工程师
8,6,12,经验1-3年,本科,骄子科技,西湖区,C/C++开发工程师
9,13,18,经验1-3年,本科,恒生电子,开发区,C/C++软件开发工程师
10,5,10,经验1-3年,本科,帕拉迪,文三路,C开发工程师
11,15,30,经验3-5年,本科,PerfMa,西溪,C/C++开发工程师
12,8,14,经验1-3年,大专,汇合营销,长河,C/C++工程师
13,6,12,经验不限,本科,智贝科技,江南,C/C++ 开发工程师
14,8,15,经验1-3年,本科,迪普科技,西兴,C语言开发工程师
0,16,32,经验3-5年,本科,阿里文娱,西湖区,UC事业部-推荐/搜索引擎架构开发专家
1,20,40,经验1-3年,硕士,天猫,余杭区,云零售事业部-推荐/营销算法专家
2,20,30,经验3-5年,本科,杭州明霖,江南,推荐系统开发工程师
3,15,25,经验不限,本科,丁香园,长河,推荐系统工程师
4,20,35,经验3-5年,本科,美柚,仓前,搜索开发工程师/推荐系统工程师（杭州）
5,20,40,经验不限,本科,奇点云,余杭区,推荐算法工程师
6,25,50,经验1-3年,本科,我在家,仓前,推荐算法工程师
7,18,30,经验3-5年,本科,差评,仓前,推荐算法工程师
8,25,50,经验1-3年,硕士,网易游戏,长河,推荐算法工程师
9,20,40,经验1-3年,本科,数美,余杭区,推荐算法工程师
10,25,40,经验3-5年,本科,宝宝树,余杭区,算法工程师（推荐算法）
11,10,20,经验3-5年,本科,Club Factory,古荡,推荐搜索产品经理
12,13,25,经验1-3年,本科,阿拉丁集团,西兴,推荐系统产品经理
13,25,50,经验3-5年,本科,网易,长河,高级/资深推荐算法工程师
14,30,45,经验3-5年,本科,浙江执御信息技术有限公司,拱墅区,资深个性化推荐工程师
0,18,35,经验3-5年,不限,酷家乐,古墩路,搜索算法工程师
1,15,30,经验3-5年,本科,微医集团,西兴,搜索算法工程师
2,15,30,经验3-5年,本科,美柚,余杭区,高级搜索算法工程师
3,22,35,经验3-5年,本科,知衣科技,滨江区,搜索算法工程师
4,25,50,经验3-5年,本科,云集,滨江区,搜索算法专家
5,20,40,经验3-5年,本科,网易,长河,资深搜索算法工程师
6,20,40,经验1-3年,本科,同花顺,西溪,NLP/ML/搜索算法
7,20,40,经验不限,本科,蚂蚁金服集团,古荡,蚂蚁金服-搜索算法工程师/机器学习专家
8,25,50,经验3-5年,本科,网易,长河,高级/资深搜索算法工程师
9,15,30,经验3-5年,硕士,网易,长河,资深搜索算法工程师
0,8,12,经验1-3年,本科,赛飞软件,朝晖,投资主管
1,20,30,经验3-5年,本科,乐刻运动,西湖区,投资开发总监
2,25,40,经验5-10年,本科,大搜车,余杭区,投资总监12-04-20
3,20,35,经验5-10年,本科,九熙资产,天目山路,高级投资总监
4,16,30,经验5-10年,本科,公信宝,西湖区,区块链投资经理/投资总监
5,11,15,经验3-5年,本科,介子网络,仓前,投资经理
6,8,16,经验1-3年,大专,银程金服,文一路,投资经理
7,6,10,经验不限,大专,微贷网,滨江区,投资顾问
8,20,40,经验5-10年,本科,同盾科技,仓前,投资顾问
9,10,20,经验3-5年,本科,路客,南山路,投资发展经理
10,10,20,经验3-5年,本科,米趣科技,开发区,投资经理（业务）
11,4,8,经验1年以下,大专,润n科技,长河,投资顾问
12,5,8,经验不限,不限,龙环普惠,宁围,销售/投资顾问
13,13,20,经验3-5年,本科,恒生电子,开发区,高级C#开发工程师-杭州（投资事业部）
14,8,12,经验1年以下,大专,奕程资产,市心北路,投资顾问
0,5,8,经验1-3年,大专,链钱集团,文三路,清算专员
1,15,25,经验5-10年,本科,挖财,高新文教区,资深清算专家 (MJ000940)
2,7,12,经验3-5年,不限,连连支付,滨江区,结算专员 (MJ000034)
3,8,10,经验1-3年,大专,霖梓控股,滨江区,清结算专员
4,6,8,经验3-5年,本科,5th,西湖区,清算
5,5,8,经验1-3年,本科,盈盈理财,三塘,结算专员 (MJ000230)
6,8,16,经验3-5年,本科,传化智联,萧山区,资金清结算
7,3,5,经验应届毕业生,本科,同花顺云,西溪,基金清算
8,4,6,经验1-3年,大专,杭州捷蓝信息技术有限公司,西兴,结算专员
9,4,7,经验1-3年,大专,微能科技,西溪,结算专员
10,4,7,经验1-3年,大专,大搜车,余杭区,业务专员（费用清算）05-01-15
11,5,10,经验1-3年,本科,铜板街,西湖区,结算专员
12,5,10,经验1-3年,大专,许旺电子商务,滨江区,结算专员
13,6,8,经验1-3年,本科,盛炬支付,西湖区,清结算专员
14,15,23,经验3-5年,本科,51信用卡管家,西湖区,产品经理（清算方向）
0,6,12,经验不限,本科,连连支付,长河,会计
1,6,7,经验3-5年,大专,浙江腾保网络科技有限公司,西湖区,会计
2,5,10,经验1-3年,本科,PingPong,西兴,会计
3,8,16,经验5-10年,本科,绿漫科技,仓前,会计
4,5,7,经验1-3年,大专,青声网络,余杭区,会计
5,6,10,经验1-3年,大专,百格有包,黄龙,会计
6,6,8,经验3-5年,本科,链钱集团,文三路,会计
7,10,14,经验5-10年,本科,无端科技,西湖区,会计
8,5,8,经验3-5年,大专,宸帆电商,长河,会计
9,8,15,经验3-5年,本科,圆通,仓前,会计
10,7,9,经验不限,大专,浙江小融网络科技股份有限公司,西湖区,会计(J10027)
11,6,12,经验不限,本科,魔蝎科技,西溪,会计
12,6,8,经验1-3年,本科,火球科技,西溪,会计
13,6,8,经验不限,大专,觅睿科技,长河,会计
14,4,7,经验1-3年,大专,食趣,余杭区,会计
0,6,8,经验1-3年,大专,百格有包,黄龙,财务
1,6,8,经验3-5年,本科,涂鸦智能,古墩路,财务
2,2,4,经验不限,不限,连连支付,长河,财务/出纳实习生
3,4,8,经验不限,本科,绿漫科技,仓前,财务
4,4,6,经验1-3年,本科,艾联科技,江干区,财务
5,6,7,经验1-3年,大专,杭州肯信,西湖区,财务专员
7,4,6,经验1-3年,大专,木木兔,西湖区,财务专员
8,5,8,经验3-5年,本科,凝通科技,火车东站,财务
9,2,3,经验不限,本科,有赞,西湖,实习财务助理-杭州-00623
10,4,7,经验3-5年,大专,杭州酒圈,江干区,财务
11,3,5,经验不限,大专,浙江冰峰,滨江区,财务助理/出纳
12,4,6,经验不限,本科,浙江聚有财,上城区,财务
13,6,8,经验1-3年,大专,捷富,仓前,财务
14,5,7,经验3-5年,大专,亨百信息,长河,财务
0,4,6,经验1-3年,大专,尚妆网,余杭区,出纳
1,4,6,经验1-3年,大专,环球黑卡,滨江区,出纳
2,4,6,经验1-3年,大专,顺联动力,滨江区,出纳
3,4,5,经验不限,大专,浙江冰峰,江南,出纳
4,4,6,经验1年以下,大专,百格有包,黄龙,出纳
5,4,6,经验1-3年,大专,宗盛智能,余杭区,出纳员
6,4,8,经验1-3年,本科,绿漫科技,古荡,出纳
7,3,5,经验1-3年,大专,帝峰集团,拱墅区,出纳员
8,3,5,经验1年以下,大专,链钱集团,文三路,出纳
9,5,10,经验不限,不限,连连支付,长河,出纳
10,4,7,经验1-3年,不限,聚励云机械,余杭区,出纳
11,4,7,经验1-3年,大专,孚嘉科技,拱墅区,出纳
12,4,6,经验1-3年,大专,海拍客,西湖区,出纳
13,4,6,经验1-3年,本科,魔蝎科技,西溪,出纳
14,4,6,经验1-3年,大专,大鱼科技,仓前,出纳
0,6,12,经验不限,本科,连连支付,长河,会计
1,6,7,经验3-5年,大专,浙江腾保网络科技有限公司,西湖区,会计
2,5,10,经验1-3年,本科,PingPong,西兴,会计
3,8,16,经验5-10年,本科,绿漫科技,仓前,会计
4,5,7,经验1-3年,大专,青声网络,余杭区,会计
5,6,10,经验1-3年,大专,百格有包,黄龙,会计
6,6,8,经验3-5年,本科,链钱集团,文三路,会计
7,10,14,经验5-10年,本科,无端科技,西湖区,会计
8,5,8,经验3-5年,大专,宸帆电商,长河,会计
9,8,15,经验3-5年,本科,圆通,仓前,会计
10,7,9,经验不限,大专,浙江小融网络科技股份有限公司,西湖区,会计(J10027)
11,6,12,经验不限,本科,魔蝎科技,西溪,会计
12,6,8,经验1-3年,本科,火球科技,西溪,会计
13,6,8,经验不限,大专,觅睿科技,长河,会计
14,4,7,经验1-3年,大专,食趣,余杭区,会计
0,10,15,经验3-5年,本科,polosport服饰,仓前,商品经理
1,12,24,经验5-10年,本科,云集,滨江区,00106-商品经理（服装）
2,25,40,经验5-10年,不限,环球捕手,西湖区,高级商品经理
3,15,20,经验5-10年,大专,环球捕手,西溪,餐厨百货商品经理
4,15,25,经验5-10年,本科,环球捕手,西湖区,美妆个护高级商品经理
5,15,25,经验5-10年,大专,环球捕手,西溪,高级商品经理（服饰箱包）
6,15,25,经验5-10年,本科,环球捕手,西湖区,服饰箱包高级商品经理
7,15,25,经验5-10年,本科,环球捕手,西湖区,保健高级商品经理
8,15,25,经验5-10年,本科,环球捕手,西湖区,母婴高级商品经理
9,6,12,经验1-3年,本科,云集,滨江区,商品专员/助理
10,8,16,经验3-5年,本科,云集,滨江区,高级策划
0,10,20,经验3-5年,大专,拉勾网,杭州,销售顾问
1,7,12,经验不限,大专,58到家,上城区,销售顾问
2,6,10,经验3-5年,大专,车满满,下沙,销售顾问
3,8,15,经验不限,大专,聚米网络,三墩,销售顾问
4,10,20,经验不限,大专,企朋,西溪,电商销售顾问
5,8,10,经验1年以下,大专,安心医生,清波,销售顾问
6,10,15,经验不限,大专,新言教育,拱墅区,销售顾问
7,5,10,经验1-3年,大专,多麦,江干区,销售顾问
8,5,10,经验应届毕业生,大专,尚标知识产权集团,近江,应届生销售顾问
9,10,15,经验1-3年,大专,e签宝,西溪,销售顾问
10,8,15,经验1年以下,大专,达内集团,下沙,销售顾问+高薪
11,8,16,经验不限,不限,慧算账,古荡,销售顾问
12,6,10,经验不限,不限,中建网络,滨江区,销售顾问
13,3,6,经验不限,不限,四逸环保,近江,销售顾问
14,6,11,经验1-3年,本科,微贷网,江干区,销售顾问
0,5,10,经验不限,大专,拉勾网,拱墅区,电话销售
1,8,15,经验1-3年,大专,字节跳动,滨江区,电话销售
2,6,10,经验不限,大专,达内集团,西溪,高薪诚聘电话销售
3,7,12,经验不限,大专,58到家,上城区,电话销售
4,4,7,经验不限,不限,连连支付,滨江区,电话销售 (MJ000103)
5,6,12,经验不限,大专,食趣,余杭区,电话销售
6,4,7,经验1-3年,大专,度言软件,余杭区,电话销售
7,8,15,经验1-3年,大专,海拍客,西湖区,电话销售
8,10,20,经验不限,不限,空岛,仓前,电话销售
9,4,8,经验不限,不限,万商汇,滨江区,电话销售
10,10,20,经验不限,不限,光云科技,江南,电话销售
11,5,10,经验不限,大专,观远数据,仓前,电话销售
12,5,8,经验不限,不限,租葛亮,仓前,租葛亮电话销售
13,5,8,经验1-3年,本科,个推,翠苑,电话销售
14,7,14,经验不限,不限,备胎控股集团,拱墅区,电话销售-BTBX09
0,20,30,经验5-10年,本科,年糕妈妈,西湖区,主编-杭州-00233
1,6,10,经验不限,不限,网达软件,近江,高级编辑/主编
2,10,20,经验3-5年,本科,多麦,江干区,主编
3,10,20,经验3-5年,大专,杭州推宝科技有限公司,高新文教区,女频主编
4,10,20,经验3-5年,大专,笔耕,西溪,主编
5,8,16,经验3-5年,大专,鼎好,三墩,主编/总编
6,8,16,经验3-5年,本科,一幅画,杭州,新媒体编辑/主编
7,10,20,经验1-3年,本科,众媒集团,拱墅区,责任主编
8,6,12,经验不限,本科,如涵控股,江干区,公众号主编
9,6,10,经验1-3年,不限,链汇科技,四季青,新闻主编
10,12,15,经验3-5年,本科,巴比特,西湖区,国际站主编
11,10,20,经验1-3年,本科,闪票云,长河,女频主编
12,15,20,经验3-5年,本科,云梯科技,西湖,新媒体主编
13,6,9,经验1-3年,大专,买手传媒,余杭区,视频主编
14,8,16,经验3-5年,本科,Momself,西兴,内容主编
0,10,15,经验3-5年,本科,圆通,仓前,客服经理
1,15,25,经验3-5年,本科,我在家,余杭区,客服经理
2,6,8,经验3-5年,大专,尊网科技,良渚,客服经理
3,4,8,经验不限,大专,人人友信,宁围,客服经理
4,8,10,经验1-3年,大专,广易金服,西湖大道,客服经理
5,7,10,经验3-5年,大专,目睹直播,翠苑,客服经理
6,5,7,经验不限,大专,空岛,仓前,做一休一客服
7,5,8,经验3-5年,大专,青团社,余杭区,客服经理（C端）
8,10,20,经验3-5年,大专,小余教育,古墩路,客服经理
9,7,10,经验1-3年,本科,杭州泓捷新能源汽车有限公司,仓前,客服经理
10,8,10,经验3-5年,大专,知坤科技,三墩,客服经理
11,10,15,经验5-10年,本科,校宝在线,文三路,客服经理
12,8,15,经验5-10年,本科,乐刻运动,西溪,客服主管
13,20,30,经验5-10年,本科,米雅,西兴,客服经理
14,13,18,经验3-5年,本科,纵横新创,仓前,客服经理
0,8,16,经验3-5年,本科,华桐广告,下沙,设计总监
1,10,15,经验3-5年,本科,杭州香柠,西兴,设计总监
2,20,35,经验5-10年,本科,开始吧,仓前,设计总监
3,13,25,经验5-10年,本科,上海康中,仓前,设计总监
4,15,30,经验5-10年,大专,端点科技,西湖区,设计总监/视觉设计专家/资深视觉设计师
5,18,22,经验3-5年,大专,云度,拱墅区,设计总监
6,20,40,经验10年以上,大专,杭州百兴建筑,萧山区,设计总监
7,10,15,经验3-5年,不限,盈昌眼镜,西湖,设计总监
8,35,60,经验5-10年,本科,米雅,西兴,设计总监
9,6,12,经验3-5年,大专,CCF国际时装面料专家,下沙,资深设计总监
10,30,50,经验5-10年,本科,挖财,西湖区,产品设计总监 (MJ000944)
11,20,40,经验3-5年,本科,Caicloud,浦沿,交互设计总监
12,25,50,经验5-10年,本科,夕尔,滨江区,工业设计总监
13,20,25,经验3-5年,本科,杭州百链科技有限公司,西兴,服装设计总监/助理
14,18,25,经验5-10年,大专,青声网络,余杭区,平面设计总监（杭州）
0,15,25,经验5-10年,本科,认识医生,余杭区,设计经理
1,15,30,经验5-10年,本科,圆通,仓前,设计经理
2,10,20,经验3-5年,本科,菜瓜,宁围,设计经理
3,20,35,经验5-10年,本科,享贞科技,仓前,设计经理
4,15,20,经验5-10年,本科,刘小白智能科技,西兴,设计经理
5,8,15,经验5-10年,大专,鹰岩户外,长河,美工总监/设计经理
6,10,20,经验3-5年,不限,大当家,古墩路,设计经理/主管
7,15,25,经验5-10年,本科,十禾科技,仓前,设计经理
8,6,12,经验3-5年,大专,杭州米若,浦沿,主案设计师/设计经理
9,10,12,经验1-3年,大专,樱桃传媒,滨江区,电商设计经理/主管
10,8,15,经验3-5年,本科,翻翻动漫集团,西湖区,设计经理
11,20,35,经验5-10年,不限,铭师堂,拱墅区,高级设计经理-EWT
12,15,25,经验5-10年,本科,年糕妈妈,西湖区,视觉设计经理-杭州-00309
13,10,15,经验3-5年,大专,大搜车,余杭区,场景设计经理03-03-29
14,15,25,经验5-10年,本科,好衣库,余杭区,视觉设计经理
0,15,25,经验1-3年,大专,藤木网络,滨江区,资深游戏数值策划
1,8,12,经验1-3年,本科,碧游,文三路,游戏数值策划
2,7,10,经验不限,不限,灿龙,西兴,游戏数值策划slg
3,10,20,经验3-5年,不限,电魂网络,西兴,数值策划
4,15,20,经验5-10年,大专,三七互娱,长河,数值策划（战斗）
5,7,12,经验不限,不限,盛和游戏,宁围,数值策划
6,10,20,经验1-3年,本科,边锋,西湖区,数值策划
7,10,20,经验3-5年,大专,2144游戏,浦沿,数值策划
8,9,18,经验1-3年,本科,天极峰数娱,高新文教区,数值策划
9,13,18,经验1-3年,本科,网易游戏,长河,数值策划_二次元moba手游
10,10,15,经验1-3年,大专,炫趣网络,江南,数值策划
11,6,10,经验不限,本科,杭州绝地科技股份有限公司,余杭区,数值策划
12,10,15,经验3-5年,本科,杭州跃兔,西湖区,手游数值策划
13,6,12,经验1-3年,大专,安布雷拉手游工作室,滨江区,战斗/数值策划
14,8,16,经验1-3年,本科,迷之游戏,北山,数值策划
0,12,15,经验3-5年,本科,顺联动力,西兴,游戏策划
1,15,25,经验3-5年,大专,游卡桌游,西溪,游戏策划
2,15,30,经验5-10年,本科,无端科技,西湖区,游戏策划
3,10,18,经验3-5年,本科,寰聚网络,长河,游戏策划
4,2,4,经验应届毕业生,本科,电魂网络,西兴,游戏策划实习生
5,7,14,经验1-3年,不限,十字星动漫,东新路,资深游戏策划
6,6,12,经验3-5年,本科,小白工作室,浦沿,游戏策划
7,7,14,经验3-5年,本科,阿优文化,萧山区,游戏策划/产品经理
8,5,10,经验1-3年,不限,杭州朝露科技有限公司,长河,独立游戏策划
9,8,16,经验1-3年,本科,北京魂世界信息技术有限公司,西溪,游戏策划
10,7,13,经验1-3年,大专,杭州深空网络科技有限公司,下沙,游戏策划师
11,6,10,经验1-3年,大专,阿拉丁集团,西兴,游戏策划
12,8,15,经验1-3年,大专,快喜科技,西兴,游戏策划
13,15,25,经验1-3年,本科,甬润科技,古荡,游戏策划
14,5,10,经验不限,不限,CIMU,西溪,游戏策划
0,15,25,经验5-10年,本科,年糕妈妈,西湖区,产品经理（电商）-杭州-00257
1,20,35,经验3-5年,大专,顺联动力,江南,电商产品经理
2,15,30,经验3-5年,本科,数梦工场,西湖区,电商产品经理
3,15,25,经验3-5年,本科,涂鸦智能,古墩路,电商产品经理
4,12,18,经验不限,不限,个推,翠苑,电商产品经理
5,10,20,经验3-5年,本科,车国,近江,产品经理（电商）
6,20,40,经验3-5年,本科,我在家,仓前,电商产品经理
7,15,30,经验1-3年,本科,端点科技,西湖区,电商产品经理
8,15,20,经验3-5年,本科,拓道金服,西溪,产品经理（电商、互联网金融方向）
9,10,20,经验3-5年,本科,兰亮网络,四季青,电商产品经理
10,12,20,经验3-5年,大专,Wonderland-双城科技,西溪,产品经理（电商方向）
11,10,15,经验3-5年,本科,杭州万材科技有限公司,西溪,电商产品经理
12,10,15,经验1-3年,本科,阿拉丁信息科技,滨江区,产品经理（社区电商方向）
13,15,25,经验3-5年,本科,盈富斯,江干区,电商产品经理
14,10,20,经验1-3年,本科,巴九灵,北山,产品经理-电商
0,18,25,经验3-5年,本科,蒲公英数据科技,四季青,数据产品经理
1,20,30,经验3-5年,本科,Club Factory,古荡,数据产品经理
2,30,50,经验5-10年,本科,奇点云,余杭区,数据产品经理
3,15,25,经验1-3年,本科,潘帕斯,滨江区,数据产品经理
4,15,25,经验5-10年,大专,微拍堂,西湖,数据产品经理
5,12,22,经验3-5年,本科,美柚,余杭区,数据产品经理
6,22,35,经验3-5年,本科,PingPong,西兴,数据产品经理
7,15,30,经验3-5年,本科,腾展科技,西溪,数据产品经理
8,8,10,经验1-3年,本科,霖梓控股,江南,数据产品经理
9,10,15,经验不限,不限,个推,古墩路,数据产品经理
10,20,35,经验3-5年,本科,天壤智能,西湖,大数据产品经理
11,15,25,经验3-5年,本科,小泰科技,长河,数据产品经理
12,15,30,经验3-5年,本科,惠借科技,西溪,数据产品经理
13,20,40,经验3-5年,不限,橙鹰,余杭区,数据产品经理
14,15,20,经验3-5年,本科,袋鼠云,西溪,数据产品经理
0,15,25,经验3-5年,本科,橙鹰,仓前,资深技术部助理
1,50,80,经验5-10年,本科,蚂蚁金服集团,西湖,高级技术专家
2,25,40,经验5-10年,本科,求是同创,仓前,高级技术专家/架构师
3,25,35,经验5-10年,本科,洲华,拱墅区,高级技术经理
4,8,15,经验3-5年,本科,智统科技,长河,技术经理/高级工程师
5,20,40,经验3-5年,本科,网易,长河,资深/高级前端开发工程师-人工智能事业部
6,13,20,经验5-10年,本科,衡泰软件,西湖区,Java开发工程师（高级）-杭州
7,6,12,经验3-5年,本科,字节跳动,四季青,高级设计师
8,20,40,经验5-10年,本科,菜鸟网络,余杭区,菜鸟-末端-智能设备安卓专家、高级工程师
9,30,50,经验3-5年,硕士,搜狗,下沙,图像-资深研究员-杭州
10,6,11,经验1-3年,大专,江南布衣,古墩路,资深搭配师
11,20,40,经验3-5年,本科,阿里云,西湖区,资深/专家前端工程师
12,8,15,经验1年以下,大专,达内集团,西溪,高级咨询顾问
13,20,40,经验3-5年,不限,数米,西湖,资深研发工程师/技术专家
14,15,20,经验1-3年,本科,美丽联合集团,古墩路,高级开发工程师
0,10,18,经验不限,不限,个推,翠苑,安全专家
1,15,30,经验3-5年,本科,银泰商业集团,拱墅区,新零售安全专家
2,25,35,经验5-10年,本科,政采云,西湖区,web安全专家
3,15,30,经验3-5年,本科,孝道科技,拱墅区,开发安全专家（SDL方向）
4,30,50,经验3-5年,本科,微店,西溪,运维安全专家
5,20,40,经验5-10年,大专,漠坦尼,西湖区,高级安全专家/顾问
6,15,30,经验3-5年,本科,酷家乐,古墩路,安全工程师
7,10,20,经验3-5年,大专,环球黑卡,滨江区,安全工程师
8,8,12,经验1-3年,大专,成都思维,西湖区,信息安全专家
9,10,20,经验不限,大专,连连支付,长河,安全开发工程师
10,10,20,经验3-5年,本科,橙鹰,仓前,安全工程师
11,10,20,经验3-5年,本科,上上签,西湖区,信息安全专家
12,18,25,经验5-10年,本科,e签宝,西溪,安全工程师
13,13,25,经验不限,本科,涂鸦智能,古墩路,安全工程师
14,25,50,经验3-5年,不限,支付宝,文一路,蚂蚁金服 支付宝 安全专家
0,30,60,经验5-10年,本科,端点科技,西湖区,测试总监
1,10,20,经验3-5年,大专,优斌电子,西湖区,测试总监
2,35,50,经验5-10年,本科,米雅,西兴,测试总监
0,20,35,经验5-10年,不限,企朋,西溪,测试经理/测试主管/测试组长
1,12,18,经验5-10年,本科,浙大正呈,三墩,测试经理
2,20,30,经验3-5年,本科,藤木网络,滨江区,测试经理
3,25,35,经验5-10年,本科,圆通,仓前,测试经理
4,6,10,经验1-3年,本科,通卡联城,近江,测试工程师
5,15,25,经验3-5年,不限,连连支付,滨江区,测试 (MJ000090)
6,15,20,经验5-10年,本科,罗万信息,天目山路,测试经理
7,10,20,经验3-5年,本科,亿咖通科技,滨江区,测试
8,10,15,经验1-3年,本科,个推,古墩路,测试（一）
9,8,15,经验3-5年,本科,信雅达,江南,测试经理
10,8,15,经验3-5年,大专,云霁科技,仓前,测试工程师
11,10,20,经验5-10年,本科,盘石网盟,拱墅区,测试经理
12,9,15,经验不限,大专,武汉佰钧成技术有限公司,仓前,测试
13,9,18,经验3-5年,大专,空岛,仓前,测试
14,8,15,经验3-5年,本科,红花朵朵,西溪,测试工程师
0,7,14,经验3-5年,大专,风向标,滨江区,硬件测试工程师
1,8,16,经验3-5年,本科,瞬联软件科技（北京）有限公司,西溪,硬件测试工程师
2,10,15,经验3-5年,本科,亿咖通科技,滨江区,00097-硬件测试工程师
3,10,18,经验3-5年,本科,气味王国,西湖区,硬件测试工程师
4,15,30,经验3-5年,本科,加速云,西溪,硬件测试经理
5,7,10,经验1-3年,本科,三网科技,滨江区,硬件测试工程师
6,10,15,经验不限,本科,Uni-Ubi,仓前,硬件测试工程师
7,10,20,经验1-3年,本科,海康威视,江南,硬件测试工程师
8,10,15,经验1-3年,本科,中恒云能源,滨江区,硬件测试工程师
9,20,30,经验5-10年,本科,企朋,西溪,测试开发工程师
10,1,2,经验应届毕业生,大专,百世伽,长河,硬件测试实习生
11,6,12,经验1-3年,本科,微科光电杭州分公司,滨江区,硬件测试工程师
12,13,25,经验3-5年,本科,网易,长河,资深硬件测试工程师
13,6,10,经验1-3年,大专,浙江安控,下沙,硬件测试
14,10,15,经验3-5年,本科,先临三维,长河,测试开发工程师
0,10,18,经验3-5年,本科,杏和软件,浦沿,C# asp.net 开发工程师
1,12,18,经验3-5年,大专,畅唐网络,西兴,ASP.NET高级程序员
2,5,10,经验1-3年,不限,禹方科技,杭州,ASP.NET开发工程师
3,7,13,经验1-3年,大专,格鲁伯,米市巷,ASP.net程序员
4,3,5,经验应届毕业生,本科,博客园,西湖区,ASP.NET Core 开发实习生（博客产品）
5,2,3,经验应届毕业生,本科,杭州新思,小河,C#/asp.net实习生
0,15,25,经验3-5年,大专,当堂信息,湖墅南路,Node.js开发工程师
1,8,12,经验1-3年,大专,首格网络,西湖区,Node.JS开发工程师
2,10,20,经验1-3年,本科,个推,古墩路,Node.js
3,15,25,经验1-3年,大专,浙江冰峰,滨江区,服务器开发（Node.js）
4,15,30,经验不限,不限,5th,西湖区,node.js开发工程师
5,10,20,经验3-5年,本科,杭州祖玛,西溪,node.js工程师
6,10,20,经验1-3年,本科,梦启科技,西溪,Node.js开发工程师
7,10,20,经验1-3年,大专,凡双科技,浦沿,Node.js开发工程师
8,8,16,经验1-3年,大专,小泰科技,长河,node.js初级工程师
9,7,12,经验1年以下,大专,兰邻科技,西兴,node.js工程师
10,15,30,经验3-5年,本科,点我达,东新路,Node.js开发工程师
11,13,20,经验1-3年,本科,觅食,西溪,Node.js开发工程师
12,3,5,经验应届毕业生,本科,数澜科技,仓前,Node.js实习生【杭州】
13,11,20,经验1-3年,本科,大搜车,余杭区,Node.js 研发工程师07-01-46
14,15,25,经验3-5年,本科,网易,滨江区,高级Node.js开发工程师-
0,15,25,经验3-5年,本科,中电博亚,西湖区,Ruby
1,15,30,经验3-5年,本科,5th,西湖区,Ruby开发工程师
2,12,24,经验3-5年,大专,掌尊科技,天目山路,ruby开发
3,10,15,经验1-3年,大专,数联中国,西兴,Ruby 开发工程师
4,10,15,经验3-5年,本科,新希望软件,拱墅区,Ruby 开发（杭州）
5,10,20,经验1-3年,本科,熊客,仓前,Ruby后端开发
6,15,30,经验3-5年,本科,YY金融,西兴,Ruby高级工程师（YY金融）
7,4,8,经验应届毕业生,本科,中电博亚,西湖区,Ruby On Rails 实习生
8,10,20,经验1-3年,本科,YY金融,西兴,ruby on rails 开发工程师
0,8,14,经验应届毕业生,本科,安心记加班,徐汇区,法务专员
1,18,25,经验5-10年,本科,达达-京东到家,东外滩,法务经理
2,15,20,经验3-5年,本科,快牛金科,北新泾,法务
3,2,4,经验应届毕业生,本科,爱奇艺,长宁区,法务实习生（上海）
4,4,6,经验不限,本科,有鱼金融科技,虹梅路,法务专员
5,6,10,经验不限,本科,丽兹行,源深体育中心,企业法务/房地产交易专家
6,8,10,经验1-3年,本科,特赞|Tezign,复兴公园,法务专员
7,20,30,经验10年以上,本科,GeexFinance,杨浦区,法务总监
8,20,30,经验3-5年,本科,翼勋金融,浦东新区,法务经理
9,8,16,经验3-5年,本科,盛付通,浦东新区,法务主管
10,15,30,经验3-5年,本科,沪江,张江,法务经理 (MJ000745)
11,10,20,经验不限,本科,千寻位置,杨浦区,法务专员
12,15,30,经验5-10年,本科,Datatist,徐家汇,法务经理
13,8,15,经验1-3年,本科,赳赳智慧,龙柏,法务专员
14,15,20,经验5-10年,本科,VIP陪练,长阳路,法务经理
0,10,20,经验3-5年,本科,点融,五里桥,审计经理
1,13,20,经验3-5年,本科,安恒信息,长宁区,代码审计工程师（上海）
2,1,2,经验不限,本科,网宿科技,万体馆,审计实习生
3,20,40,经验5-10年,本科,美团点评,中山公园,代码审计/安全测试工程师
4,10,20,经验3-5年,本科,蜻蜓FM,东方路,内部审计专员
5,10,20,经验5-10年,本科,搜立方,南翔,审计经理
6,20,40,经验5-10年,本科,爱回收,五角场,审计经理
7,5,7,经验不限,大专,守易科技,张庙,账务审计
8,15,25,经验1-3年,本科,圆通,青浦区,信息安全审计师
9,15,25,经验1-3年,大专,申通快递,重固,安全工程师（管理/审计方面）
10,20,30,经验3-5年,本科,斐讯技术,松江区,信息安全审计师
11,25,40,经验3-5年,本科,招商银行信用卡中心,唐镇,信息安全审计专家
12,15,30,经验不限,本科,平安科技,东外滩,信息安全审计工程师（IT审计）
13,4,6,经验不限,不限,上海芒橙网络科技有限公司,世纪公园,财务审计助理
14,8,10,经验1-3年,本科,上海你我贷互联网金融信息服务,浦东新区,稽核IT审计专员
0,6,12,经验1年以下,本科,丽兹行,浦东新区,律师/企业法务 师徒辅导
1,8,16,经验1年以下,本科,泛微,浦江,科技律师
2,6,12,经验1-3年,本科,为安法律金融,天目西路,授薪律师
3,15,20,经验3-5年,本科,上海你我贷互联网金融信息服务,东方路,律师/法律顾问 (MJ000196)
4,4,6,经验1-3年,本科,文飞永律所,中山公园,律师助理
0,5,8,经验1-3年,大专,达达-京东到家,东外滩,行政前台
1,7,12,经验3-5年,大专,字节跳动,黄浦区,行政前台
2,4,6,经验1-3年,大专,eDoctor,天山路,行政前台
3,3,5,经验1年以下,大专,有鱼金融科技,漕河泾,行政前台【徐汇】
4,4,6,经验1年以下,本科,Truney,淞南,行政前台
5,5,10,经验1-3年,大专,TutorABC英语,虹口区,行政前台
6,4,6,经验1年以下,本科,蚂蚁HR,万体馆,行政
7,5,7,经验1-3年,大专,容易网,浦东新区,行政前台
8,4,5,经验不限,大专,VIP陪练,长阳路,行政前台
9,4,6,经验不限,大专,游想网络,闵行区,行政前台
10,4,6,经验1-3年,大专,尚标知识产权集团,浦东新区,行政前台
11,4,6,经验1-3年,大专,仁辉科技,张江,行政前台
12,6,8,经验不限,大专,GeexFinance,五角场,行政前台
13,4,7,经验不限,不限,麦萌漫画,长阳路,行政前台
14,5,6,经验不限,大专,人人视频,五角场,前台行政
0,5,8,经验1-3年,大专,达达-京东到家,东外滩,行政前台
1,7,12,经验3-5年,大专,字节跳动,黄浦区,行政前台
2,6,9,经验1-3年,本科,七猫,浦东新区,前台
3,5,6,经验不限,不限,顺网科技,金沙江路,前台
4,5,6,经验不限,大专,亿马联盟,张江,前台
5,4,6,经验1-3年,大专,eDoctor,天山路,行政前台
6,3,5,经验1年以下,大专,有鱼金融科技,漕河泾,行政前台【徐汇】
7,4,6,经验1年以下,本科,Truney,淞南,行政前台
8,5,10,经验1-3年,大专,TutorABC英语,虹口区,行政前台
9,5,7,经验1-3年,大专,容易网,浦东新区,行政前台
10,4,5,经验不限,大专,VIP陪练,长阳路,行政前台
11,6,8,经验1-3年,本科,美市科技,斜土路,前台
12,4,6,经验不限,大专,游想网络,闵行区,行政前台
13,4,6,经验1-3年,大专,尚标知识产权集团,浦东新区,行政前台
14,4,6,经验1-3年,大专,仁辉科技,张江,行政前台
0,8,15,经验不限,本科,GeexFinance,杨浦区,法催专员
1,6,7,经验1-3年,本科,欧尚,长阳路,总监助理
2,5,10,经验应届毕业生,本科,SNH48,和平公园,艺人经纪/助理
3,6,8,经验1-3年,大专,江苏亿科达,徐汇区,助理
4,4,6,经验1-3年,大专,威怡广告,花木,信控专员
5,5,8,经验1-3年,大专,上海中软华腾软件系统有限公司,漕河泾,招聘主管/专员/助理
6,4,6,经验不限,不限,51Tal 无忧英语,田林,助理
7,4,8,经验1-3年,大专,仰迈广告,漕宝路,助理
8,4,8,经验不限,本科,YiranMobi,徐汇区,助理
9,5,6,经验不限,大专,水世界,浦东新区,暂养专员
10,10,20,经验3-5年,本科,趣头条,浦东新区,业务助理
11,6,8,经验1-3年,本科,博奥特科技,斜土路,招聘助理
12,4,6,经验不限,大专,上海只二网络科技有限公司,浦东新区,摄影师助理
13,6,10,经验1-3年,本科,字节跳动,徐汇区,业务助理
14,5,6,经验1-3年,本科,安瑞索思,徐家汇,经理助理
0,20,40,经验3-5年,本科,京东集团,长宁区,商业数据分析部署工程师
1,30,40,经验5-10年,本科,易果生鲜,北新泾,数据分析专家（商业分析）
2,15,30,经验3-5年,本科,Datatist,徐家汇,高级商业数据分析师
3,15,25,经验3-5年,本科,Udacity,徐家汇,商业数据分析经理
4,8,15,经验3-5年,本科,字节跳动,徐汇区,数据分析师
5,10,18,经验3-5年,本科,上海第一财经数据,上海电视台,商业数据分析师
6,8,16,经验1-3年,本科,携程,北新泾,商业数据分析师
7,8,15,经验1-3年,本科,还呗-智能信贷领先者,张江,数据分析师（商业分析方向）
8,15,25,经验3-5年,本科,chinapex,虹梅路,大数据分析师
9,15,25,经验3-5年,本科,安心记加班,徐汇区,高级数据分析师
10,8,10,经验应届毕业生,硕士,MarcPoint,漕河泾,商业数据分析
11,15,20,经验1-3年,本科,新增鼎数据,北蔡,数据分析师/商业分析师
12,8,16,经验1-3年,本科,爱奇艺,长宁区,数据分析(base上海)
13,15,25,经验3-5年,本科,北京盛安德,复兴公园,数据分析师
14,8,12,经验1-3年,本科,钱研社,天山路,数据分析
0,8,12,经验不限,本科,有鱼金融科技,漕宝路,商务渠道
1,8,15,经验1-3年,大专,雅其信息技术（上海）有限公司,曹杨,商务渠道
2,8,16,经验1-3年,本科,黑桃互动,北蔡,商务渠道
3,8,10,经验3-5年,本科,仁辉科技,张江,渠道商务
4,6,10,经验1-3年,大专,车轮,漕宝路,商务渠道经理
5,8,15,经验1-3年,本科,网易游戏,张江,渠道商务专员
6,6,10,经验1-3年,本科,驴妈妈旅游网,长征,渠道商务
7,9,13,经验1-3年,本科,微盟,宝山区,商务渠道
8,10,20,经验1-3年,大专,快睿登信息科技（上海）有限公司,闵行区,商务渠道
9,10,20,经验1-3年,本科,莉莉丝游戏,万源城,渠道商务
10,12,18,经验5-10年,本科,铂漫,万源城,渠道商务经理
11,10,20,经验1-3年,大专,趣泛互动,曹杨,商务渠道经理
12,8,12,经验1-3年,大专,眸事网,和平公园,商务渠道（线上投放）
13,8,15,经验3-5年,大专,上海晨之科,田林,渠道商务经理
14,10,20,经验1-3年,本科,爱奇艺,华漕,手游渠道商务
0,12,24,经验3-5年,本科,京东集团,北新泾,SEM
1,10,20,经验1-3年,本科,有鱼金融科技,漕宝路,信息流优化师/SEM
2,2,3,经验应届毕业生,本科,Gridsum 国双,静安寺,SEM/网络营销咨询师实习生
3,8,15,经验1-3年,本科,金大师,世纪公园,SEM/网络推广
4,10,20,经验3-5年,本科,新旦股份,浦东新区,SEM/市场推广
5,6,9,经验1-3年,大专,微盟,宝山区,SEM
6,6,8,经验1-3年,大专,眸事网,和平公园,SEO/SEM
7,8,10,经验1年以下,本科,Student.com,同乐坊,SEM专员
8,7,12,经验1-3年,大专,黑桃互动,北蔡,sem
9,15,20,经验3-5年,大专,悟空找房,交通大学,SEM
10,10,20,经验5-10年,本科,小蚁,张江,SEM
11,10,15,经验3-5年,大专,尚标知识产权集团,浦东新区,SEM主管
12,6,10,经验1-3年,大专,泛微,浦江,SEM
13,8,13,经验1-3年,大专,齐家网,丰庄,SEM主管
14,10,15,经验1-3年,本科,VIP陪练,周家嘴路,SEM主管
0,15,30,经验3-5年,本科,爱奇艺,长宁区,视觉设计师
1,8,16,经验1-3年,本科,平行文创广告,外滩,视觉设计师
2,20,40,经验3-5年,本科,哔哩哔哩,杨浦区,视觉设计师
3,15,30,经验3-5年,本科,名厨,淮海路,视觉设计师
4,10,20,经验3-5年,大专,崇雅,漕河泾,电商视觉设计总监
5,8,10,经验1-3年,本科,容易网,浦东新区,视觉设计师
6,15,30,经验1-3年,本科,字节跳动,黄浦区,视觉设计师-运营方向
7,25,35,经验5-10年,本科,TapTap,大宁路,资深设计（视觉方向）
8,10,15,经验3-5年,本科,优梦,五角场,视觉设计师
9,10,18,经验3-5年,本科,阿里体育,长白新村,视觉设计师
10,8,15,经验3-5年,本科,恩怡服装,松江区,服装电商视觉设计总监
11,7,9,经验1-3年,本科,清鹤科技,浦东新区,视觉设计师
12,25,35,经验5-10年,本科,亿动广告传媒(Madhouse),龙华,创意及视觉设计总监（FB/Google）
13,25,50,经验5-10年,本科,米域联合办公,南京东路,视觉总监
14,5,8,经验1-3年,本科,艾洛互动,徐家汇,视觉设计师
0,20,40,经验3-5年,本科,米域联合办公,南京东路,视觉设计经理
1,15,25,经验3-5年,本科,NEIWAI内外内衣,江苏路地铁,视觉陈列高级经理／总监
2,30,40,经验3-5年,本科,每日优鲜,四平路,高级视觉设计经理/总监
3,20,30,经验10年以上,本科,网易,浦东新区,视觉设计经理
4,10,15,经验3-5年,不限,比瑞吉,浦东新区,视觉设计经理
5,12,18,经验3-5年,本科,泽之商贸,长寿路,电商视觉设计经理
6,30,40,经验5-10年,本科,Versa,徐家汇,视觉总监
7,25,35,经验5-10年,本科,亿动广告传媒(Madhouse),龙华,创意及视觉设计总监（FB/Google）
8,7,10,经验1-3年,本科,上海颂越信息科技有限公司,浦东新区,视觉设计主管及策展
9,10,20,经验3-5年,大专,崇雅,漕河泾,电商视觉设计总监
10,18,35,经验5-10年,本科,SNH48,四平路,视觉总监
11,10,20,经验3-5年,本科,药房网商城,张江,设计经理/设计主管
12,8,12,经验3-5年,本科,in-ing.com,虹桥,设计经理/主管
13,20,40,经验5-10年,本科,爱奇艺,长宁区,设计负责人
14,18,25,经验5-10年,不限,乐至科技,交通大学,设计总监
0,18,25,经验5-10年,不限,乐至科技,交通大学,设计总监
1,25,45,经验5-10年,本科,有鱼金融科技,虹梅路,设计总监
2,15,20,经验3-5年,本科,游伴伴,虹口足球场,设计总监
3,20,35,经验3-5年,本科,Anadu,南京西路,设计总监
4,15,20,经验5-10年,本科,信广龙,浦东新区,设计总监/副总监
5,30,60,经验5-10年,本科,喔噻科技,普陀区,设计总监
6,15,25,经验3-5年,不限,怪猫游戏,曹杨,设计总监
7,30,40,经验5-10年,本科,凌禾网络科技,新天地,设计总监
8,18,22,经验3-5年,本科,点硕,虹口足球场,设计总监
9,25,40,经验5-10年,本科,兔博士,张江,设计总监
10,8,12,经验3-5年,本科,博广传媒,吴淞,设计总监
11,15,20,经验5-10年,本科,M,衡山路,设计总监
12,5,10,经验不限,不限,上海金孕阁贸易有限公司,吴淞,设计总监
13,30,40,经验5-10年,本科,善诊,张江,设计总监
14,12,23,经验5-10年,不限,Maxbund,甘泉路,设计总监
0,10,20,经验3-5年,本科,Datatist,徐汇区,售前工程师
1,10,20,经验3-5年,本科,Trusfort芯盾时代,南京东路,售前工程师
2,9,13,经验3-5年,大专,中商网络,浦江,售前工程师
3,15,25,经验3-5年,本科,柏睿数据,徐汇区,售前工程师
4,12,18,经验1-3年,不限,万雍科技,虹梅路,售前工程师
5,10,20,经验5-10年,大专,信息发展,金沙江路,售前工程师
6,8,15,经验1-3年,本科,Truney,淞南,售前工程师
7,10,12,经验1-3年,本科,容联七陌,斜土路,售前工程师（上海）
8,13,26,经验3-5年,本科,时速云,张江,售前工程师
9,15,30,经验5-10年,本科,亿方云科技,曹家渡,（P09001）售前工程师-上海
10,10,20,经验1-3年,本科,即构科技,张江,售前工程师
11,12,18,经验3-5年,本科,穗禾科技,张江,售前工程师
12,15,25,经验5-10年,本科,安维尔,金桥,售前工程师
13,10,18,经验1-3年,本科,上海炽聚,漕河泾,售前工程师
14,15,30,经验5-10年,本科,达观数据,浦东新区,高级售前工程师
0,12,18,经验3-5年,本科,智慧芽,天目西路,实施工程师
1,7,14,经验3-5年,本科,齐家网,丰庄,实施工程师
2,8,15,经验1-3年,本科,追一科技,长宁区,实施工程师
3,10,20,经验1-3年,本科,时速云,张江,实施工程师
4,7,12,经验1-3年,本科,君合创胜,中山公园,实施工程师（上海）
5,6,12,经验不限,本科,森亿智能,浦东新区,实施工程师
6,10,20,经验3-5年,本科,衡泰软件,陆家嘴,实施工程师（中高级）-上海
7,6,12,经验1-3年,本科,昊沧,龙华,实施工程师
8,8,16,经验1-3年,本科,百得思维,梅园,实施工程师
9,6,10,经验1-3年,不限,大器科技,虹口足球场,实施工程师
10,8,15,经验1-3年,本科,神策数据,静安区,实施工程师--上海
11,7,10,经验3-5年,本科,石竹软件,唐镇,中级实施工程师
12,10,20,经验3-5年,本科,灵雀云,川沙,实施工程师
13,10,20,经验1-3年,本科,捷通华声,上海,实施工程师（上海）
14,6,8,经验1-3年,大专,上海劳勤,张江,实施工程师
0,10,20,经验1-3年,本科,快仓智能仓储,虹梅路,嵌入式开发
1,15,20,经验3-5年,不限,大器科技,虹口足球场,硬件开发
2,20,40,经验3-5年,大专,UCloud,杨浦区,硬件研发工程师
3,12,24,经验1-3年,本科,海深科技,张江,嵌入式开发工程师
4,15,20,经验3-5年,本科,酷曼,漕宝路,嵌入式开发
5,12,24,经验3-5年,本科,趣医网,徐汇区,嵌入式软件开发工程师
6,8,16,经验1-3年,本科,上海宏力达,漕宝路,嵌入式系统开发工程师
7,4,7,经验不限,不限,景略半导体,浦东新区,嵌入式软件工程师
8,10,20,经验1-3年,本科,阅维科技,静安区,嵌入式开发工程师
9,10,20,经验3-5年,本科,安杰环保科技,顾村,嵌入式硬件
10,20,40,经验5-10年,本科,耐链,徐家汇,嵌入式开发工程师
11,12,20,经验3-5年,本科,上海繁易科技,新江湾城,硬件开发工程师
12,10,20,经验1-3年,大专,写轮智能科技,共和新路,嵌入式软件开发工程师
13,10,20,经验3-5年,本科,Dfocus,豫园,嵌入式软件工程师
14,15,25,经验3-5年,本科,众安保险,外滩,硬件开发工程师
0,8,15,经验1-3年,本科,商涌网络,浦东新区,系统工程师
1,20,30,经验3-5年,本科,驰骛科技ChiefClouds,漕河泾,系统工程师
2,11,18,经验1-3年,本科,比领网络,漕宝路,系统工程师
3,15,25,经验3-5年,大专,华云数据,杨浦区,00683-163-高级系统工程师
4,5,8,经验应届毕业生,本科,鼎捷软件,共和新路,系统工程师
5,8,12,经验3-5年,本科,上海经达,岳阳,系统工程师
6,20,30,经验5-10年,本科,快仓智能仓储,虹梅路,高级系统工程师
7,15,20,经验3-5年,本科,快钱,金桥,系统工程师
8,6,10,经验不限,本科,思华科技,张江,系统工程师
9,8,10,经验1-3年,大专,衡翔网络科技,浦东新区,系统工程师
10,7,13,经验1-3年,本科,亿通国际,张江,系统工程师
11,18,30,经验5-10年,本科,嘉会,徐汇区,系统工程师
12,10,15,经验1-3年,本科,安畅网络,宝山区,系统工程师（上海）
13,10,15,经验3-5年,本科,cyberinsight,北京西路,系统工程师
14,8,16,经验3-5年,本科,威廉欧奈尔中国,浦东新区,系统工程师
0,5,6,经验不限,不限,眸事网,和平公园,网络工程师
1,10,15,经验3-5年,大专,锐赢企业,漕宝路,网络工程师
2,15,30,经验3-5年,本科,趣头条,浦东新区,网络工程师
3,7,10,经验应届毕业生,本科,缔安,北新泾,网络工程师
4,10,20,经验5-10年,大专,齐家网,丰庄,网络工程师
5,13,16,经验5-10年,本科,帜讯信息,浦东新区,网络工程师
6,15,25,经验3-5年,本科,爱奇艺,长征,高级网络工程师
7,10,15,经验1-3年,大专,上海寰溪科技,虹口足球场,网络工程师
8,6,7,经验1-3年,大专,江苏亿科达,徐汇区,网络工程师
9,10,20,经验3-5年,本科,一米好地,黄浦区,高级网络工程师
10,9,10,经验3-5年,大专,武汉佰钧成技术有限公司,闸北区,网络工程师/网络安全工程师
11,8,13,经验3-5年,大专,远成集团,普陀区,网络工程师
12,15,30,经验不限,本科,星环科技,田林,云网络开发工程师
13,6,8,经验1-3年,本科,Zenlayer,静安区,网络工程师
14,15,20,经验3-5年,本科,思华科技,浦东新区,网络工程师
0,18,22,经验3-5年,本科,华云数据,五角场,运维开发工程师
1,15,25,经验3-5年,本科,爱奇艺,华漕,高级运维开发工程师
2,15,30,经验3-5年,本科,中证信用,新天地,运维开发工程师
3,15,30,经验3-5年,本科,贝壳金控,新天地,高级运维开发工程师-SH0403
4,10,20,经验3-5年,大专,UCloud,长阳路,运维开发工程师
5,15,30,经验3-5年,本科,竹间智能科技(上海)有限公司,田林,运维开发工程师
6,12,18,经验3-5年,本科,VIP陪练,长阳路,运维开发工程师
7,15,30,经验3-5年,本科,方付通,世纪公园,运维开发工程师
8,15,30,经验5-10年,本科,Datatist,徐家汇,运维开发工程师
9,15,30,经验1-3年,本科,商汤科技,徐汇区,运维开发工程师
10,15,30,经验3-5年,大专,华云中盛,漕宝路,运维开发工程师
11,10,15,经验3-5年,大专,Symbio-Freeborders,南京东路,运维开发工程师
12,13,25,经验3-5年,本科,快牛金科,北新泾,运维开发工程师
13,20,30,经验3-5年,本科,钱包生活,漕宝路,运维开发工程师
14,15,30,经验3-5年,本科,易路,闵行区,运维开发工程师
0,8,15,经验3-5年,大专,博奥特科技,洋泾,html5开发
1,10,20,经验1-3年,本科,倍增科技,杨行,Html5
2,15,20,经验3-5年,本科,磐途网络,漕河泾,HTML5开发工程师
3,12,20,经验1-3年,本科,雅其信息技术（上海）有限公司,曹杨,HTML5资深开发师
4,15,20,经验3-5年,大专,鸿研物流,徐汇区,HTML5高级开发工程师
5,12,24,经验3-5年,本科,小蚁,张江,html5
6,20,35,经验5-10年,本科,蝴蝶互动,上海,html5开发工程师(急)
7,8,15,经验1-3年,本科,上海全旗金融信息服务有限公司,闵行区,HTML5开发工程师
8,10,20,经验3-5年,大专,上海逗趣,闵行区,html5开发
9,10,15,经验1-3年,本科,瑞瞬科技,交通大学,HTML5
10,10,20,经验1-3年,不限,吾声科技,徐汇区,HTML5
11,10,18,经验3-5年,本科,锐房网,丰庄,HTML5开发工程师
12,12,20,经验1-3年,本科,Dict.cn海词正版词典专家,张江,HTML5开发工程师
13,13,18,经验3-5年,大专,蓝呗钱包,淞南,HTML5开发工程师
14,7,14,经验1-3年,本科,TENEZ特耐司科技,张江,HTML5软件开发工程师
0,6,10,经验不限,本科,字节跳动,徐汇区,后端开发实习生-大数据平台
1,13,22,经验1-3年,本科,红星美凯龙互联网集团,梅川路,后端开发
2,15,30,经验3-5年,本科,斗象科技,浦东新区,后端研发工程师
3,15,25,经验1-3年,本科,花动传媒,虹桥,后端开发工程师
4,15,25,经验3-5年,本科,哔哩哔哩,复旦大学,后端开发工程师
5,20,40,经验不限,本科,星环科技,田林,后端开发工程师
6,15,25,经验1-3年,本科,性能魔方,江苏路地铁,后端研发工程师
7,18,35,经验3-5年,本科,爱奇艺,漕宝路,高级测试开发工程师-后端方向
8,3,5,经验应届毕业生,本科,华尔街见闻,打浦桥,后端开发实习生
9,12,24,经验1-3年,大专,爱客CRM,浦东新区,后端开发工程师
10,20,30,经验5-10年,本科,Juwai,虹口区,后端软件工程师
11,15,25,经验3-5年,本科,拍拍贷,浦东新区,后端开发专家
12,15,20,经验1-3年,本科,叽里呱啦,长寿路,后端开发工程师
13,10,20,经验1-3年,本科,致维网络,长征,后端开发工程师
14,14,28,经验3-5年,本科,森亿智能,浦东新区,后端开发工程师
0,20,30,经验1-3年,本科,车轮,闵行区,区块链工程师
1,24,36,经验3-5年,本科,点融,五里桥,资深软件开发工程师-区块链-SH6317
2,15,30,经验3-5年,本科,Vechain,静安寺,区块链开发工程师
3,30,60,经验5-10年,本科,商米科技,杨浦区,区块链专家
4,15,30,经验1-3年,本科,安兑_信砥信息科技,中山公园,区块链开发
5,30,40,经验1-3年,本科,上海钜策,闵行区,区块链开发程序员
6,35,70,经验3-5年,本科,nonda 能塔智能,斜土路,区块链架构师
7,25,50,经验3-5年,本科,有鱼金融科技,徐汇区,区块链开发工程师
8,12,24,经验1-3年,本科,青声网络,新天地,区块链开发工程师（上海）
9,15,30,经验1-3年,本科,叶道科技,虹梅路,区块链开发工程师 - 以太坊 dAPP
10,20,35,经验3-5年,本科,互贷网,虹口区,区块链开发工程师
11,20,40,经验1-3年,本科,优拜单车,普陀区,区块链工程师
12,15,25,经验1-3年,本科,豆沙包科技,陆家嘴,区块链开发
13,20,25,经验3-5年,本科,Energolabs,打浦桥,区块链工程师
14,16,30,经验5-10年,大专,嬴客网络,龙华,区块链开发
0,50,80,经验5-10年,本科,连连支付,滨江区,风控总监 (MJ000058)
1,10,20,经验3-5年,本科,租葛亮,仓前,风控总监
2,8,12,经验1-3年,本科,赛飞软件,朝晖,风控主管
3,40,60,经验5-10年,硕士,钱粒科技,西湖区,风控总监
4,35,70,经验10年以上,本科,云集,滨江区,风控总监
5,8,12,经验3-5年,本科,帝峰集团,拱墅区,风控主管
6,40,60,经验5-10年,本科,嘉侑财富互联网金融,文三路,风控总监
7,40,60,经验5-10年,本科,大搜车,余杭区,风控总监
8,15,20,经验3-5年,本科,广易金服,西湖大道,风控总监
9,20,30,经验10年以上,硕士,纵横新创,仓前,风控总监
10,7,10,经验3-5年,本科,销冠科技,南星,风控主管
11,10,20,经验1-3年,本科,聚励云机械,余杭区,风控顾问
12,6,10,经验3-5年,大专,网竞科技,滨江区,风控专员
13,15,30,经验5-10年,本科,盈盈理财,三塘,资深Java开发工程师-风控方向
14,6,8,经验不限,不限,个推,翠苑,风控专员
0,12,20,经验5-10年,本科,驿公里,长河,财务总监
1,10,20,经验3-5年,大专,食趣,余杭区,财务主管
2,25,40,经验5-10年,本科,大搜车,余杭区,投资总监12-04-20
3,10,16,经验5-10年,本科,智会学,仓前,财务经理/主管
4,15,20,经验5-10年,大专,触角科技,文三路,财务总监
5,25,35,经验5-10年,本科,触手直播,西湖区,法务总监
6,15,25,经验5-10年,本科,鸟瞰智能,余杭区,财务总监
7,15,30,经验3-5年,本科,PingPong,西兴,法务经理（涉外）
8,11,15,经验3-5年,本科,介子网络,仓前,投资经理
9,10,20,经验3-5年,本科,米趣科技,开发区,投资经理（业务）
10,18,33,经验3-5年,本科,铜板街,文三路,高级法务经理
11,15,25,经验5-10年,本科,贝贝网,江干区,税务经理
12,10,20,经验5-10年,本科,达迩科技,白杨,投资经理
13,15,25,经验5-10年,本科,大搜车,余杭区,高级法务经理（投融资方向）01-01-02
14,10,20,经验3-5年,本科,贝贝网,江干区,资深税务经理/专家
0,6,10,经验1-3年,本科,大搜车,余杭区,融资主管09-02-08
1,21,36,经验3-5年,本科,聚裂科技,下沙,融资总监
2,10,15,经验1-3年,本科,三滴水科技,仓前,融资经理
3,20,40,经验3-5年,本科,谷壳科技,长河,技术总监
4,8,16,经验1-3年,大专,基石信息,古墩路,融资经理
5,20,40,经验5-10年,本科,星巢网络,西溪,财务总监
6,15,25,经验10年以上,本科,磐谷分期,古荡,财务总监/资金总监
7,15,30,经验不限,大专,中国平安,杭州,融资经理
8,8,12,经验1-3年,本科,赛飞软件,朝晖,投资主管
9,12,20,经验5-10年,本科,驿公里,长河,财务总监
10,10,20,经验3-5年,大专,食趣,余杭区,财务主管
11,15,20,经验5-10年,本科,开始吧,仓前,资金管理主管
12,20,35,经验5-10年,本科,杭州安厨电子商务有限公司,滨江区,投融资总监
13,10,16,经验5-10年,本科,智会学,仓前,财务经理/主管
14,13,25,经验5-10年,本科,魔点科技,余杭区,财务经理/总监
0,7,14,经验3-5年,本科,浙江新再灵科技股份有限公司,长河,绩效考核主管
1,13,20,经验5-10年,本科,华策新媒体,文新,绩效经理
2,5,9,经验3-5年,本科,金杭印业,塘栖,绩效考核主管
3,15,25,经验5-10年,本科,小电,仓前,薪酬绩效经理
4,15,30,经验3-5年,本科,仟金顶,滨江区,薪酬绩效经理
5,15,25,经验5-10年,本科,婚礼纪,西湖区,薪酬绩效经理
6,15,20,经验5-10年,本科,销冠科技,南星,绩效经理
7,12,24,经验5-10年,本科,贝贝网,江干区,薪酬绩效经理
8,7,14,经验3-5年,本科,达摩网络,西湖区,绩效主管
9,8,10,经验3-5年,本科,税友软件,开发区,薪酬绩效主管
10,6,10,经验1-3年,本科,浙江聚有财,上城区,薪酬绩效主管
11,6,10,经验3-5年,大专,瀚越太古,西湖区,薪酬绩效主管
12,8,15,经验3-5年,本科,亲宝宝,西湖区,薪酬绩效主管
13,8,15,经验3-5年,本科,环球捕手,西溪,绩效高级专员/主管
14,25,33,经验5-10年,大专,WISH CHINA,天目山路,仓储经理
0,20,25,经验5-10年,本科,点融金融,大关,技术部经理
1,4,8,经验不限,不限,博多集团,勾庄,销售/拓展/招商专员/加盟经理
2,8,16,经验3-5年,大专,手拉手电子商务,高新文教区,招商经理
3,5,10,经验1-3年,大专,银管家科技,大关,客户经理
4,10,15,经验5-10年,本科,中漾电商,西兴,人事经理
5,10,20,经验1-3年,大专,云桔科技,文三路,大客户经理
6,20,25,经验3-5年,本科,N星网络,近江,高级商务经理
7,8,15,经验5-10年,本科,杭州艺想天开,江南,内控经理
8,10,20,经验3-5年,不限,汐沃科技,长河,媒介投放经理
9,6,12,经验3-5年,本科,COMTEC康铭泰克,西湖区,大客户经理
10,10,20,经验3-5年,本科,微宏软件,江干区,SaaS产品经理
11,12,20,经验3-5年,大专,鼎捷软件,望江,销售经理/主管（管理类）
12,10,20,经验3-5年,本科,TELETRAAN,西兴,大客户销售经理
13,6,12,经验3-5年,大专,多麦,江干区,广告销售经理
14,8,10,经验1-3年,大专,辉科智能,江南,客户经理
0,10,15,经验5-10年,大专,海拍客,西湖区,培训经理
1,8,16,经验3-5年,本科,聚励云机械,仓前,培训经理
2,15,20,经验3-5年,本科,小泰科技,长河,培训经理
3,9,12,经验3-5年,大专,车国,江干区,培训经理
4,10,20,经验5-10年,本科,保险师 ・ 微易信息科技,文三路,培训经理
5,20,30,经验3-5年,本科,我在家,余杭区,培训经理
6,8,12,经验3-5年,本科,今明教育,西湖,培训经理
7,10,15,经验3-5年,大专,天下网商,高新文教区,培训经理
8,8,12,经验3-5年,大专,浙江天搜科技股份有限公司,江干区,培训经理
9,6,10,经验3-5年,本科,晓芯智能,长河,培训经理
10,15,25,经验3-5年,大专,河马网络,西溪,培训经理
11,15,20,经验5-10年,本科,米奥兰特,西兴,培训经理
12,15,25,经验1-3年,大专,九熙资产,天目山路,培训经理
13,16,18,经验3-5年,本科,大名控股,杭州,培训经理
14,15,25,经验3-5年,本科,心理壹点灵,西兴,商家培训经理
0,8,15,经验3-5年,大专,心猫,西溪,SEM
1,10,20,经验3-5年,大专,达迩科技,白杨,SEM
2,10,20,经验3-5年,大专,钱粒科技,西溪,SEM／SEO
3,8,16,经验1-3年,大专,360shop,西湖区,SEM专员
4,10,20,经验3-5年,大专,匠美,天目山路,SEM/搜索引擎优化
5,10,15,经验1-3年,大专,心理壹点灵,滨江区,SEM
6,6,8,经验1-3年,大专,云炙科技,仓前,SEM
7,8,10,经验1-3年,本科,abc360,长河,SEM
8,4,8,经验1-3年,大专,博多集团,勾庄,SEM专员
9,8,12,经验不限,本科,光年实验室,古墩路,SEM 优化师
10,8,15,经验1-3年,本科,贝嘟科技,高教园,sem专员
11,10,15,经验3-5年,本科,乐其网络,滨江区,SEO/SEM（杭州）
12,7,12,经验1-3年,大专,简测科技,复兴路,SEM专员
13,10,20,经验3-5年,本科,浙江数秦科技,西湖区,SEM经理
14,10,20,经验3-5年,本科,浙江趣成才教育科技有限公司,四季青,sem主管
0,6,12,经验1-3年,大专,仁润科技,仓前,SEO
1,6,12,经验1-3年,大专,顺联动力,西兴,SEO
2,8,15,经验3-5年,大专,万商汇,萧山区,SEO
3,5,10,经验不限,大专,光年实验室,古墩路,在线营销优化师 - SEO方向
4,6,12,经验1-3年,大专,百佳荟,仓前,SEO专员
5,8,12,经验1-3年,大专,微链welian.com,翠苑,SEO专员
6,3,4,经验不限,不限,数游软件科技,拱墅区,SEO助理
7,6,12,经验3-5年,大专,采宝,仓前,SEO
8,3,5,经验1-3年,大专,浙江天搜科技股份有限公司,江干区,SEO/运营推广专员
9,10,20,经验3-5年,大专,钱粒科技,西溪,SEM／SEO
10,7,14,经验1-3年,不限,杭州展融信息,南星,SEO
11,6,9,经验1-3年,大专,好衣库,余杭区,SEO专员
12,8,12,经验3-5年,大专,杭州肯信,西溪,SEO主管
13,5,8,经验1-3年,大专,博多集团,勾庄,SEO专员
14,8,12,经验1-3年,本科,清蝉,勾庄,SEO主管
0,5,7,经验1-3年,本科,妮素股份,西湖区,市场推广
1,5,8,经验不限,大专,58到家,上城区,市场推广
2,7,14,经验1-3年,本科,橙子科技,西溪,市场推广
3,10,20,经验1-3年,大专,阿拉丁信息科技,西兴,市场推广
4,12,24,经验3-5年,大专,电魂网络,西兴,市场策划与推广
5,10,20,经验3-5年,本科,达摩网络,西湖区,市场推广
6,8,16,经验1年以下,大专,边锋,翠苑,市场推广
7,8,16,经验1-3年,大专,信程科金,仓前,市场推广
8,5,10,经验1-3年,大专,保险师 ・ 微易信息科技,文三路,市场推广
9,5,10,经验1-3年,大专,灰豚科技,西溪,市场推广
10,4,5,经验1-3年,不限,斯玛特儿童美术,文新,市场推广
11,12,15,经验3-5年,不限,盈盈理财,东新路,市场推广 (MJ000347)
12,5,6,经验1-3年,大专,飞侠科技,西兴,市场推广
13,10,20,经验3-5年,本科,有赞,西湖,市场推广-杭州-00458
14,4,8,经验不限,不限,杭州东九网络科技有限公司,仓前,市场推广
0,12,20,经验3-5年,本科,大搜车,余杭区,用户研究员 08-02-30
1,8,15,经验1-3年,本科,微医集团,西兴,用户研究
2,10,20,经验3-5年,本科,税友软件,开发区,用户研究工程师
3,10,20,经验1-3年,本科,点我达,东新路,用户研究
4,20,40,经验5-10年,本科,挖财,高新文教区,信用业务资深产品专家/总监-杭州-00753
5,10,20,经验3-5年,本科,in,西湖区,用户研究
6,18,25,经验3-5年,本科,网易游戏,滨江区,资深/专家用户研究工程师
7,25,40,经验5-10年,本科,滴滴出行,西溪,用户研究专家
8,8,15,经验3-5年,本科,虹软,文一路,用户研究员
9,20,25,经验不限,不限,酷家乐,拱墅区,用户研究专家
10,10,20,经验3-5年,硕士,有赞,西湖,资深用户研究专员-杭州-00692
11,15,20,经验1-3年,本科,ULSee,四季青,市场研究主管
12,10,20,经验3-5年,本科,亲宝宝,西湖区,资深用户研究 / 市场分析
13,13,25,经验3-5年,本科,微店,西溪,资深用户研究Senior UXResearcher
14,20,40,经验5-10年,本科,环球黑卡,滨江区,云计算-产品总监
0,8,15,经验1-3年,本科,微医集团,建设二路,用户研究经理
1,18,30,经验3-5年,本科,浙江执御信息技术有限公司,拱墅区,用户研究经理
2,12,20,经验3-5年,本科,大搜车,余杭区,用户研究员 08-02-30
3,10,20,经验1-3年,本科,点我达,东新路,用户研究
4,10,20,经验3-5年,本科,税友软件,开发区,用户研究工程师
5,10,20,经验3-5年,本科,in,西湖区,用户研究
6,8,15,经验3-5年,本科,虹软,文一路,用户研究员
7,25,40,经验5-10年,本科,滴滴出行,西溪,用户研究专家
8,18,25,经验3-5年,本科,网易游戏,滨江区,资深/专家用户研究工程师
9,20,25,经验不限,不限,酷家乐,拱墅区,用户研究专家
10,30,50,经验5-10年,本科,百世物流,西湖,用户体验设计高级经理
11,20,40,经验5-10年,本科,挖财,高新文教区,信用业务资深产品专家/总监-杭州-00753
12,10,20,经验3-5年,硕士,有赞,西湖,资深用户研究专员-杭州-00692
13,10,20,经验3-5年,本科,亲宝宝,西湖区,资深用户研究 / 市场分析
14,8,16,经验1-3年,大专,口贝电商,仓前,用户调研经理/专员
0,20,40,经验3-5年,本科,Caicloud,浦沿,交互设计总监
1,10,18,经验1-3年,本科,同花顺云,杭州,交互设计师
2,15,30,经验5-10年,大专,享贞科技,仓前,交互设计师
3,10,12,经验1-3年,本科,微链welian.com,翠苑,交互设计师
4,15,20,经验3-5年,本科,美间,西湖区,交互设计师
5,10,15,经验3-5年,本科,圆通,仓前,交互设计师
6,10,20,经验不限,本科,TELETRAAN,西兴,UI/UE/交互设计师
7,10,20,经验3-5年,本科,车国,江干区,交互设计师
8,16,23,经验3-5年,本科,政采云,西湖区,资深交互设计师
9,10,16,经验3-5年,本科,好衣库,余杭区,高级 视觉/交互 设计师
10,10,18,经验1-3年,本科,滚马网络,仓前,交互设计师
11,15,25,经验5-10年,本科,讯盟,西湖区,资深交互设计师
12,12,20,经验5-10年,大专,互联网金融导购平台,拱墅区,交互设计
13,10,20,经验1-3年,不限,潘帕斯,滨江区,资深/高级交互设计师
14,13,26,经验3-5年,本科,数澜科技,仓前,交互设计师【杭州】
0,4,6,经验1-3年,大专,巨盘科技,长河,网页产品设计师
1,15,30,经验5-10年,本科,年糕妈妈,西湖区,产品经理-杭州-00308
2,10,18,经验3-5年,大专,游卡桌游,拱墅区,网页设计
3,12,24,经验1-3年,本科,企朋,西湖区,产品经理（通迅云）
4,15,25,经验3-5年,大专,妈妈好,望江,产品经理
5,15,25,经验5-10年,本科,魔点科技,余杭区,产品经理
6,8,16,经验1-3年,本科,触手直播,西湖区,网页设计师
7,10,20,经验3-5年,大专,环球黑卡,滨江区,云计算-产品经理
8,8,10,经验1-3年,本科,网商园,西兴,交互设计师-APP+网页
9,20,40,经验5-10年,大专,税友软件,开发区,产品经理
10,20,30,经验5-10年,本科,衡泰软件,西湖区,产品经理 -杭州
11,5,10,经验1-3年,大专,微一案,拱墅区,产品经理
12,12,24,经验3-5年,本科,聚励云机械,余杭区,产品经理
13,15,25,经验3-5年,本科,咿啦看书,滨江区,产品经理-教育类
14,15,30,经验不限,不限,有赞,天目山路,产品经理-杭州-00040
0,15,30,经验5-10年,本科,年糕妈妈,西湖区,产品经理-杭州-00308
1,15,25,经验3-5年,大专,妈妈好,望江,产品经理
2,15,25,经验5-10年,本科,魔点科技,余杭区,产品经理
3,20,40,经验5-10年,大专,税友软件,开发区,产品经理
4,5,10,经验1-3年,大专,微一案,拱墅区,产品经理
5,12,24,经验1-3年,本科,企朋,西湖区,产品经理（通迅云）
6,12,24,经验3-5年,本科,聚励云机械,余杭区,产品经理
7,12,20,经验1-3年,不限,车纷享,长河,产品经理
8,15,30,经验3-5年,本科,昊汉网络,滨江区,产品经理
9,15,20,经验5-10年,大专,乐汀科技,杭州,产品经理
10,15,25,经验3-5年,大专,环球黑卡,滨江区,产品经理
11,15,25,经验3-5年,本科,全知科技,仓前,产品经理
12,10,20,经验1-3年,本科,脸脸,西湖区,产品经理
13,15,25,经验3-5年,本科,潘帕斯,滨江区,产品经理
14,15,20,经验3-5年,本科,EMQ,仓前,产品经理
0,12,15,经验3-5年,本科,顺联动力,西兴,游戏策划
1,15,25,经验3-5年,大专,游卡桌游,西溪,游戏策划
2,15,30,经验5-10年,本科,无端科技,西湖区,游戏策划
3,10,18,经验3-5年,本科,寰聚网络,长河,游戏策划
4,2,4,经验应届毕业生,本科,电魂网络,西兴,游戏策划实习生
5,7,14,经验1-3年,不限,十字星动漫,东新路,资深游戏策划
6,6,12,经验3-5年,本科,小白工作室,浦沿,游戏策划
7,7,14,经验3-5年,本科,阿优文化,萧山区,游戏策划/产品经理
8,5,10,经验1-3年,不限,杭州朝露科技有限公司,长河,独立游戏策划
9,8,16,经验1-3年,本科,北京魂世界信息技术有限公司,西溪,游戏策划
10,7,13,经验1-3年,大专,杭州深空网络科技有限公司,下沙,游戏策划师
11,6,10,经验1-3年,大专,阿拉丁集团,西兴,游戏策划
12,15,25,经验1-3年,本科,甬润科技,古荡,游戏策划
13,8,15,经验1-3年,大专,快喜科技,西兴,游戏策划
14,5,10,经验不限,不限,CIMU,西溪,游戏策划
0,20,38,经验5-10年,本科,绿漫科技,古荡,数据库DBA/MySql
1,10,20,经验3-5年,本科,华卓科技,东新路,DBA(mysql)
2,8,16,经验1-3年,本科,沃趣科技,滨江区,MySQL dba
3,8,10,经验1-3年,大专,新炬网络,滨江区,MySQL DBA
4,15,25,经验1-3年,本科,浙江执御信息技术有限公司,三墩,MySQL
5,25,30,经验3-5年,大专,微拍堂,西湖,运维工程师/Mysql运维
6,15,30,经验3-5年,不限,浙江远图互联科技股份有限公司,三墩,mysql dba
7,10,20,经验1-3年,本科,袋鼠云,西溪,MySQL DBA（杭州）
8,12,20,经验3-5年,不限,尚妆网,仓前,MySQL
9,18,36,经验3-5年,本科,微店,西溪,MySQL DBA
10,13,26,经验3-5年,本科,登虹,西溪,Mysql DBA
11,15,30,经验3-5年,不限,浙江远图互联科技股份有限公司,西湖区,mysql dba
12,11,22,经验1-3年,本科,校宝在线,文三路,MySQL DBA
13,10,20,经验3-5年,本科,达摩网络,西湖区,MySQL DBA（数据库工程师）
14,40,80,经验5-10年,本科,融畅软件,滨江区,云数据库开发(MySQL)
0,10,20,经验1-3年,本科,企朋,西湖区,运维开发工程师
1,8,16,经验不限,大专,武汉佰钧成技术有限公司,西湖区,运维
2,10,18,经验1-3年,本科,个推,翠苑,运维工程师（0604）
3,15,25,经验3-5年,本科,中电博亚,西湖区,资深运维
4,8,10,经验1-3年,本科,顺联动力,长河,运维工程师
5,15,25,经验3-5年,本科,美柚,仓前,运维工程师
6,8,10,经验1-3年,大专,税友软件,滨江区,运维工程师
7,10,20,经验3-5年,大专,万商汇,宁围,运维工程师
8,12,18,经验1-3年,本科,妮素股份,西湖区,运维工程师
9,15,20,经验3-5年,本科,浙江新再灵科技股份有限公司,长河,运维工程师
10,8,15,经验3-5年,本科,霖梓控股,滨江区,运维工程师
11,6,8,经验1-3年,大专,网营科技,西湖区,运维工程师
12,10,20,经验1-3年,本科,Club Factory,古荡,运维工程师
13,8,12,经验3-5年,大专,58到家,上城区,运维主管
14,10,16,经验1-3年,本科,博悦科创,西湖区,运维工程师
0,10,20,经验5-10年,本科,车国,江干区,运维经理
1,20,30,经验5-10年,本科,魔蝎科技,西溪,运维经理
2,25,45,经验3-5年,本科,橙鹰,仓前,运维专家/运维主管
3,9,13,经验3-5年,本科,abc360,长河,网络运维经理/主管
4,15,22,经验10年以上,大专,浙数文化,凤起路,数据中心运维经理
0,10,20,经验1-3年,大专,电魂网络,西兴,HTML5
1,10,16,经验1-3年,大专,联络互动,滨江区,Html5开发工程师
2,8,15,经验1-3年,大专,掌动科技,江南,HTML5
3,6,11,经验1-3年,本科,和乐科技,古荡,HTML5开发工程师
4,8,12,经验1-3年,大专,众马科技,西湖区,HTML5开发工程师
5,15,30,经验5-10年,大专,宝佑科技,宁围,高级web前端/HTML5工程师
6,6,10,经验1-3年,大专,智人文创,东新路,HTML5
7,8,15,经验1-3年,本科,小呆网络,西溪,HTML5
8,8,12,经验1-3年,大专,浮云网络,朝晖,Html5开发工程师/微信小程序
9,12,18,经验1-3年,本科,美图公司,西湖区,HTML5开发工程师―杭州
10,15,30,经验1-3年,大专,微财网络,西溪,HTML5游戏高级开发工程师
11,10,20,经验不限,大专,灿龙,西兴,html5游戏开发工程师
12,15,25,经验5-10年,本科,杭州菲助,西兴,html5前端工程师
13,7,14,经验1-3年,本科,鲜芋科技,西溪,html5开发前端工程师
14,14,22,经验1-3年,本科,每日给力,西溪,H5开发工程师
0,13,26,经验3-5年,大专,游卡桌游,西溪,Flash开发工程师
1,5,8,经验应届毕业生,本科,杭州向正科技有限公司,艮山,flash开发工程师/AS3
2,3,5,经验1-3年,大专,玄猫动画,三墩,聘FLASH动画师若干
3,3,6,经验1-3年,大专,杭州易漫文化传媒有限公司,拱墅区,FLASH动画师
4,8,15,经验1-3年,本科,顺网科技,西湖区,视觉设计师（Flash方向）
5,4,6,经验应届毕业生,不限,西界王,西湖区,flash动画师
6,2,4,经验不限,不限,杭州鼎易科技,拱墅区,小堡动画 诚聘FLASH动画设计师
7,4,8,经验应届毕业生,不限,南昌鎏彩科技有限公司,西溪,Flash设计学徒5起
8,4,7,经验1-3年,不限,杭州龙宫文化创意有限公司,西湖区,动画师（二维Flash 2D动画)
0,8,15,经验1-3年,本科,中电博亚,西湖区,Web前端工程师
1,10,20,经验3-5年,大专,武汉佰钧成技术有限公司,西湖区,web前端
2,9,18,经验3-5年,本科,联龙博通,滨江区,web前端工程师（杭州）
3,8,16,经验1-3年,大专,东方网升,古墩路,web前端
4,8,15,经验1-3年,大专,微一案,拱墅区,WEB前端
5,13,25,经验3-5年,本科,红花朵朵,西溪,WEB前端
6,5,10,经验不限,本科,聚励云机械,仓前,web前端
7,9,15,经验1-3年,大专,霖梓控股,江南,Web前端开发工程师
8,18,35,经验5-10年,大专,浙江彩友多网络科技有限公司,滨江区,Web前端开发工程师
9,12,20,经验3-5年,本科,上海睿民,四季青,Web前端工程师
10,12,15,经验1-3年,本科,美国道富,西湖区,web前端开发工程师
11,10,15,经验1-3年,大专,妮素股份,西湖区,Web前端工程师
12,10,20,经验1-3年,本科,瞬联软件科技（北京）有限公司,西溪,Web前端开发工程师
13,10,15,经验1-3年,本科,华卓科技,东新路,WEB前端工程师
14,8,15,经验1-3年,本科,云天励飞,高教园,Web前端工程师
0,25,50,经验1-3年,硕士,涂鸦智能,古墩路,机器学习/深度学习工程师
1,25,50,经验1-3年,硕士,TELETRAAN,西兴,数据科学家/机器学习工程师
2,25,50,经验1-3年,本科,数美,仓前,机器学习工程师
3,20,40,经验1-3年,本科,搜狗,下沙,智能语音-C++工程师(机器学习方向)-杭州
4,15,25,经验3-5年,硕士,河象,仓前,机器学习工程师
5,20,40,经验不限,硕士,深睿医疗,余杭区,深度/机器学习研究员
6,20,40,经验3-5年,硕士,浙江执御信息技术有限公司,拱墅区,机器学习/数据挖掘工程师/专家
7,20,40,经验不限,本科,蚂蚁金服集团,古荡,蚂蚁金服-微贷网商银行应用数据算法工程师／机器学习
8,12,24,经验不限,不限,挖财,高新文教区,机器学习/文本挖掘工程师-杭州-00444
9,30,50,经验3-5年,硕士,点我达,东新路,机器学习专家
10,16,32,经验3-5年,硕士,Terminai机慧科技,仓前,计算机视觉-机器学习/深度学习专家
11,15,25,经验1-3年,硕士,同花顺,西溪,机器学习研究员
12,10,15,经验应届毕业生,本科,Club Factory,古荡,机器学习工程师 （2018校招）
13,20,40,经验3-5年,不限,同盾科技,仓前,机器学习资深工程师-杭州-00240
14,18,25,经验3-5年,本科,安恒信息,滨江区,机器学习/数据挖掘工程师
0,20,30,经验3-5年,本科,杭州明霖,江南,自然语言处理工程师
1,20,40,经验1-3年,硕士,美柚,余杭区,自然语言处理工程师(杭州)
2,20,40,经验3-5年,硕士,涂鸦智能,西溪,自然语言处理工程师
3,18,35,经验1-3年,本科,达西,滨江区,自然语言处理研发工程师
4,20,30,经验3-5年,硕士,网易,长河,自然语言处理（易盾）
5,40,60,经验不限,硕士,网易游戏,长河,自然语言处理（NLP）专家
6,25,45,经验5-10年,本科,共道科技,仓前,AI产品专家-NLP方向
7,20,40,经验1-3年,本科,数美,仓前,自然语言处理
8,20,40,经验3-5年,硕士,搜狗,下沙,智能问答-自然语言处理研究员-杭州
9,20,35,经验1-3年,硕士,NaturLing教育科技,长河,自然语言处理工程师（NLP）
10,15,30,经验不限,硕士,ZOOM,西溪,算法工程师---自然语言处理
11,15,25,经验1-3年,本科,鸟瞰智能,余杭区,NLP工程师
12,25,50,经验3-5年,硕士,奇点云,余杭区,算法工程师（NLP方向）
13,20,30,经验1-3年,硕士,久久基因,西兴,自然语言处理工程师
14,30,50,经验3-5年,硕士,橙鹰,仓前,NLP算法专家
0,20,40,经验3-5年,本科,杭州智团,长河,深度学习工程师
1,15,30,经验不限,硕士,商汤科技,西溪,深度学习研究员
2,25,50,经验1-3年,硕士,涂鸦智能,古墩路,机器学习/深度学习工程师
3,25,50,经验1-3年,本科,数美,仓前,深度学习工程师
4,25,50,经验不限,本科,我在家,仓前,深度学习工程师
5,25,50,经验不限,博士,图普科技（深度学习图像识别云）,天目山路,深度学习研究员
6,30,60,经验5-10年,硕士,炜呈科技,西兴,深度学习专家
7,15,25,经验1-3年,本科,Obsbot寻影,三墩,视觉跟踪/深度学习工程师
8,25,50,经验3-5年,本科,淘宝,临平,深度学习算法专家
9,15,30,经验1-3年,硕士,亿咖通科技,西兴,深度学习算法工程师
10,20,40,经验不限,本科,远算科技,西湖区,深度学习研发工程师
11,25,50,经验3-5年,本科,华为技术有限公司,西兴,机器学习/深度学习/图算法工程师
12,30,60,经验3-5年,硕士,奇点云,余杭区,深度学习算法科学家
13,15,25,经验1-3年,本科,壁虎区块链,西湖区,深度学习工程师
14,40,70,经验3-5年,本科,互联港湾,西溪,深度学习算法工程师
0,5,10,经验1-3年,本科,孚星网络,长宁区,人力总监/HRD
1,6,8,经验1-3年,不限,菱帛网络,嘉定区,hrm
2,30,50,经验5-10年,本科,摩天轮,徐汇区,HRD
3,30,45,经验5-10年,本科,车轮,漕宝路,人事总监/HRD
4,10,15,经验5-10年,本科,璞缇客,静安寺,人力资源经理-HRM
5,50,80,经验5-10年,本科,拼多多,长宁区,HRD
6,10,15,经验3-5年,本科,蔚蓝云创,漕河泾,HRM人事经理/主管
7,20,35,经验10年以上,本科,看见音乐,和平公园,HRD
8,10,20,经验5-10年,本科,CHOOCI,龙华,HRBP/HRD
9,30,50,经验5-10年,本科,HiCTO,张江,HRD(知名电商SaaS提供商)
10,10,15,经验3-5年,本科,爱化（上海）企业管理咨询有限公司,徐家汇,HRM人资经理
11,30,60,经验5-10年,本科,Soul App,徐泾,HRD人事总监
12,30,40,经验5-10年,本科,Rela热拉-多元女性社区,海宁路,人才运营总监 HRD
13,8,14,经验5-10年,大专,国兴农,江湾,HRM （绩效薪酬）
14,15,30,经验5-10年,本科,找找,七宝,人力资源总监
0,10,20,经验5-10年,本科,上海要客,静安区,财务经理主管
1,30,60,经验5-10年,本科,安心记加班,徐汇区,财务总监
2,15,25,经验5-10年,本科,飞榴科技,张江,财务经理/总监
3,25,50,经验5-10年,本科,齐家网,丰庄,财务总监
4,30,50,经验5-10年,本科,有鱼金融科技,漕宝路,财务总监
5,25,40,经验5-10年,本科,GeexFinance,杨浦区,财务总监
6,20,40,经验5-10年,本科,优梦,五角场,财务总监
7,15,25,经验5-10年,本科,泽之商贸,长寿路,财务总监
8,25,50,经验5-10年,本科,哈罗单车,闵行区,财务总监
9,30,40,经验5-10年,硕士,立木征信,南桥,财务总监
10,20,40,经验5-10年,本科,三七互娱,漕河泾,财务总监
11,25,40,经验10年以上,本科,比领网络,漕宝路,财务总监
12,13,25,经验10年以上,本科,昌宁号,虹口区,财务总监
13,25,45,经验10年以上,本科,真格基金,静安区,财务总监-真格基金投资企业-社保通
14,10,15,经验5-10年,本科,榴莲蜜烤,长宁区,财务总监
0,14,26,经验5-10年,本科,有鱼金融科技,漕宝路,行政总监
1,30,60,经验5-10年,本科,惠龙易通,浦东新区,行政总监B岗
2,20,25,经验5-10年,本科,亿兆华盛,塘桥,人力行政总监
3,30,50,经验5-10年,本科,拼多多,长宁区,行政总监
4,2,3,经验应届毕业生,本科,赛特斯,五角场,行政总监助理（实习生）
5,20,25,经验5-10年,本科,齐数科技（上海）有限公司,斜土路,人事行政总监
6,20,35,经验5-10年,本科,旗发科技,平凉路,人事行政总监
7,20,25,经验10年以上,本科,雷腾软件,张江,人事行政总监
8,20,25,经验5-10年,大专,腾信软创,新桥,OD经理/组织发展经理
0,15,25,经验5-10年,大专,企朋,杨浦区,销售总监
1,30,60,经验10年以上,本科,字节跳动,上海南站,销售总监
2,15,30,经验5-10年,本科,55海淘,徐汇区,销售总监
3,15,30,经验3-5年,本科,易快报,淮海路,销售总监
4,15,25,经验5-10年,本科,商询科技,静安区,销售总监
5,20,30,经验5-10年,本科,晶赞科技Zamplus,汶水路,销售总监
6,20,40,经验5-10年,本科,尚标知识产权集团,浦东新区,销售总监
7,20,40,经验5-10年,本科,奇点金服,南京西路,销售总监
8,20,40,经验5-10年,本科,东方IC,曹家渡,销售总监
9,15,20,经验3-5年,本科,广视通达,南京东路,销售总监-上海
10,12,18,经验5-10年,大专,卖座网,日晖,销售总监
11,7,14,经验3-5年,本科,和讯网,浦东新区,销售总监(000966)
12,30,60,经验5-10年,大专,竹间智能科技(上海)有限公司,田林,销售总监
13,10,15,经验5-10年,大专,信息发展,金沙江路,销售总监
14,12,18,经验5-10年,本科,华院数据,静安区,销售总监
0,15,30,经验5-10年,本科,问卷网@爱调研,徐汇区,市场总监
1,25,50,经验5-10年,大专,齐家网,丰庄,市场总监
2,15,25,经验3-5年,本科,钱研社,天山路,市场总监
3,30,50,经验5-10年,本科,竹间智能科技(上海)有限公司,田林,市场总监
4,18,36,经验3-5年,本科,海深科技,张江,市场总监
5,10,20,经验5-10年,不限,好食期\u0026爱抢购,漕宝路,营销经理/市场总监
6,15,30,经验5-10年,本科,上海橡楠,长阳路,市场总监
7,15,30,经验5-10年,本科,银通征信,长阳路,市场总监
8,12,18,经验5-10年,大专,闪趴,田林,市场总监
9,6,12,经验3-5年,本科,金熊家族,松江区,市场总监
10,30,50,经验5-10年,本科,上海米哈游,徐汇区,市场总监
11,20,40,经验5-10年,本科,爱分趣,徐汇区,市场总监
12,8,16,经验3-5年,本科,LY领鹰国际,金桥,市场总监
13,25,35,经验5-10年,本科,喜马拉雅,张江,市场总监
14,20,40,经验5-10年,硕士,ULSee,梅园,市场总监
0,15,20,经验3-5年,本科,阅文集团,张江,投资经理
1,13,15,经验1-3年,本科,势能资本,黄浦区,投资经理
2,20,40,经验3-5年,本科,趣头条,浦东新区,投资经理
3,10,20,经验1-3年,本科,假面科技,虹梅路,投资经理
4,5,10,经验不限,本科,窝头网,北新泾,投资经理
5,10,20,经验3-5年,本科,华院数据,静安区,投资/孵化经理
6,10,15,经验1-3年,本科,今蓝资本,外滩,投资经理
7,12,20,经验1-3年,本科,青桐资本,黄浦区,投资经理
8,20,40,经验3-5年,本科,方创金融,田林,投资经理
9,10,20,经验不限,本科,指数资本,四川北路,投资经理
10,10,20,经验10年以上,本科,蜻蜓FM,东方路,投资经理
11,10,20,经验3-5年,本科,路客,静安区,投资发展经理
12,25,35,经验3-5年,硕士,挖财,世纪公园,FOF投资经理
13,15,30,经验1-3年,本科,以太创服,上海,投资经理-上海
14,7,14,经验1-3年,硕士,引力区,北蔡,投资经理
0,8,15,经验3-5年,本科,字节跳动,徐汇区,市场策划
1,11,16,经验3-5年,本科,mingbo,虹桥,市场策划
2,6,10,经验1-3年,本科,弘连网络,七宝,市场策划
3,11,18,经验5-10年,本科,美市科技,斜土路,市场策划
4,6,10,经验1-3年,本科,黑桃互动,北蔡,市场策划
5,8,15,经验1-3年,大专,哈罗单车,闵行区,活动/市场策划
6,8,12,经验1-3年,大专,上海纯米电子科技,张江,市场策划
7,7,14,经验1-3年,本科,掌门1对1在线教育,虹口区,市场策划
8,8,10,经验1-3年,本科,腾讯大申网,上海师大,市场策划
9,5,7,经验1-3年,大专,杏仁医生,漕宝路,市场策划专员
10,12,24,经验1-3年,大专,Soul App,徐泾,市场策划
11,6,12,经验不限,本科,晨芽科技,花木,市场策划专员
12,5,7,经验1-3年,大专,天舍游戏,徐家汇,市场策划
13,5,8,经验1-3年,大专,上海森庆微电子系统有限公司,枫林路,市场策划
14,7,9,经验1-3年,大专,贝锐oray,复旦大学,市场策划
0,4,8,经验应届毕业生,大专,有鱼金融科技,徐汇区,市场营销
1,6,12,经验不限,本科,丽兹行,陆家嘴,市场营销
2,8,15,经验3-5年,本科,易乎社区,曹路,市场营销
3,6,10,经验不限,大专,骏嘉财通,真如,地推销售/市场营销
4,4,8,经验1-3年,大专,55海淘,上海,市场营销专员
5,25,50,经验3-5年,本科,GET,长风公园,市场营销总监
6,3,5,经验应届毕业生,本科,微猫,张江,市场营销实习生
7,20,40,经验5-10年,本科,竹间智能科技(上海)有限公司,田林,市场营销总监
8,2,3,经验不限,本科,威组工业,和平公园,市场营销
9,6,12,经验1-3年,大专,中国人寿上海分公司,人民广场,市场营销
10,9,16,经验3-5年,大专,58到家,高境,市场营销主管
11,5,8,经验不限,不限,虹杰企业管理,闵行区,市场营销
12,6,12,经验不限,本科,源妙科技,北新泾,市场营销
13,4,8,经验1-3年,不限,帝丽教育,松江大学城,市场营销
14,8,10,经验1-3年,大专,上海未替奇企业管理有限公司,七宝,市场营销主管
0,10,15,经验3-5年,大专,拉勾网,打浦桥,销售经理
1,10,15,经验1-3年,本科,个推,江苏路地铁,销售经理
2,5,8,经验1-3年,本科,世纪超星,高境,销售经理
3,6,12,经验3-5年,本科,问卷网@爱调研,徐汇区,销售经理
4,10,20,经验1-3年,本科,美市科技,斜土路,销售经理
5,10,15,经验1-3年,本科,G7,闵行区,销售经理(J11452)
6,12,20,经验1-3年,大专,VidoAds,南京西路,销售经理
7,6,12,经验不限,大专,聚鹏,田林,销售经理
8,30,50,经验3-5年,本科,图麟科技,张江,销售经理
9,8,16,经验不限,不限,租葛亮,普陀区,销售经理
10,20,35,经验5-10年,本科,Linflow,徐汇区,销售经理
11,7,12,经验3-5年,本科,新核云,徐汇区,销售经理
12,6,10,经验不限,大专,飞碟说,莘庄,销售经理
13,8,15,经验1-3年,大专,字节跳动,静安区,销售经理
14,10,20,经验3-5年,大专,CC wor 织语,曹杨,销售经理
0,30,50,经验3-5年,本科,安心记加班,徐汇区,运营总监
1,25,50,经验5-10年,本科,有鱼金融科技,虹梅路,运营总监
2,20,35,经验3-5年,本科,"米谟科技（Mint Muse, Inc.）",南京东路,运营总监
3,3,4,经验5-10年,本科,斑马旅游,张江,运营总监
4,20,40,经验10年以上,本科,诚信互通,长征,运营总监
5,20,30,经验3-5年,大专,容易网,浦东新区,运营总监
6,18,35,经验5-10年,本科,55海淘,徐汇区,运营总监
7,25,30,经验3-5年,大专,字节跳动,徐汇区,电商运营总监
8,15,25,经验3-5年,本科,CQASO,五角场,运营总监
9,30,50,经验5-10年,本科,哈罗单车,闵行区,运营总监
10,30,50,经验5-10年,本科,沪江,张江,运营总监-移动端
11,25,30,经验5-10年,本科,斐讯技术,松江区,运营总监
12,30,50,经验5-10年,本科,趣头条,浦东新区,运营总监
13,20,30,经验3-5年,本科,Ginmon智投,黄浦区,运营总监
14,15,30,经验3-5年,本科,喜购,浦东新区,【喜购】运营总监（运营合伙人）
0,12,24,经验1-3年,本科,有鱼金融科技,漕宝路,数据运营
1,8,12,经验1-3年,大专,眸事网,和平公园,数据运营
2,10,20,经验3-5年,本科,飞智,新江湾城,数据运营
3,7,12,经验不限,本科,食云集,徐汇区,数据运营
4,6,12,经验1-3年,本科,哔哩哔哩,复旦大学,数据运营 (MJ000128)
5,5,7,经验不限,大专,朋数,海宁路,数据运营
6,10,15,经验不限,本科,哈罗单车,闵行区,数据运营
7,6,10,经验1-3年,大专,58到家,静安区,数据运营
8,6,8,经验1-3年,大专,聚鹏,田林,数据运营
9,25,45,经验5-10年,本科,百灵鸟,豫园,数据运营
10,6,12,经验1-3年,本科,花动传媒,闵行区,数据运营专员
11,15,25,经验3-5年,本科,d翔投资,闸北区,数据运营
12,10,20,经验3-5年,大专,喜购,洋泾,【我有券】数据运营
13,8,15,经验1-3年,本科,平安健康互联网,斜土路,数据运营岗
14,5,7,经验1-3年,大专,蓝丰科技,张江,数据运营
0,6,8,经验1-3年,大专,路路由,浦东新区,编辑
1,8,15,经验1-3年,本科,有米科技,虹口区,本地编辑
2,5,7,经验1-3年,大专,卡车之家,南京东路,编辑
3,3,6,经验1-3年,大专,赐云网络,金桥,美食编辑
4,7,14,经验1-3年,本科,字节跳动,黄浦区,音乐编辑
5,7,14,经验1-3年,本科,上海头条,浦江,编辑
6,15,25,经验3-5年,本科,银科控股,陆家嘴,资深编辑
7,9,18,经验1-3年,本科,TapTap,汶水路,游戏视频编辑
8,5,10,经验1-3年,本科,广告门,南京东路,资深编辑
9,7,10,经验1-3年,本科,运营研究社,杨浦区,编辑
10,6,10,经验1-3年,本科,Voyageone,张江,新媒体编辑
11,3,4,经验不限,本科,有鱼金融科技,漕宝路,体育编辑【徐汇区】【实习生】
12,4,6,经验1-3年,大专,云镶科技,长征,编辑
13,1,2,经验应届毕业生,不限,维外科技,新天地,编辑/审核 实习生
14,10,15,经验1-3年,本科,eDoctor,天山路,医学编辑
0,10,15,经验不限,不限,个推,翠苑,实施工程师0706
1,5,9,经验不限,大专,连帆科技,西湖区,实施工程师
2,10,15,经验3-5年,本科,新炬网络,西湖区,实施工程师
3,4,8,经验1-3年,大专,光云科技,江南,实施工程师
4,5,10,经验1-3年,大专,认识医生,余杭区,实施工程师
5,8,12,经验3-5年,大专,网新博创,解放路,实施工程师
6,7,14,经验3-5年,本科,八维通科技,滨江区,实施工程师
7,4,8,经验1-3年,本科,健海科技,勾庄,实施工程师
8,10,20,经验3-5年,本科,衡泰软件,西湖区,实施工程师（中高级）-杭州
9,8,15,经验1-3年,大专,森马电商,西湖区,实施工程师
10,12,18,经验3-5年,本科,米雅,西兴,实施工程师
11,5,10,经验1年以下,大专,诚道科技,江南,实施工程师
12,3,4,经验应届毕业生,不限,e签宝,西溪,实施工程师实习生
13,2,4,经验应届毕业生,不限,纳里健康,滨江区,2019届实施工程师实习生
14,7,14,经验1-3年,大专,搜道网,建设二路,实施工程师
0,12,24,经验3-5年,大专,车纷享,西兴,嵌入式硬件开发
1,8,15,经验1-3年,本科,涂鸦智能,古墩路,嵌入式开发工程师
2,15,25,经验3-5年,本科,棒米科技,杭州,硬件开发工程师
3,8,16,经验不限,本科,瞬联软件科技（北京）有限公司,西溪,嵌入式开发工程师
4,13,18,经验5-10年,本科,杭州中芯微,滨江区,硬件开发经理
5,8,15,经验1-3年,大专,伏泰科技,开发区,嵌入式硬件开发工程师
6,10,15,经验1-3年,本科,喜泊客,下城区,嵌入式开发工程师
7,10,20,经验3-5年,本科,先锋电子,江南,嵌入式软件开发
8,10,20,经验3-5年,本科,八维通科技,滨江区,嵌入式开发工程师
9,10,20,经验3-5年,本科,正泰仪表,杭州,嵌入式软件开发
10,15,20,经验5-10年,本科,小电,仓前,嵌入式开发工程师
11,7,14,经验3-5年,大专,杭州汉脑,长河,嵌入式开发工程师
12,15,30,经验3-5年,本科,虹软,文一路,硬件开发工程师
13,10,15,经验3-5年,本科,蓝联科技,西兴,嵌入式软件开发工程师
14,10,20,经验3-5年,本科,晟元数据,余杭区,嵌入式软件开发
0,15,25,经验3-5年,不限,涂鸦智能,古墩路,射频工程师
1,2,4,经验不限,本科,利尔达,余杭区,研发工程师（射频）-19届实习生
2,9,18,经验3-5年,本科,杭州三汇,开发区,射频硬件工程师
3,10,20,经验1-3年,硕士,浙江省微波毫米波射频产业联盟,三墩,射频芯片设计工程师（CC）
0,10,15,经验1-3年,本科,个推,翠苑,网络工程师
1,10,20,经验1年以下,本科,企朋,西湖区,网络运维工程师
2,20,40,经验5-10年,本科,酷家乐,古墩路,网络工程师
3,15,30,经验3-5年,不限,依图科技,西溪,网络工程师 (MJ000051)
4,8,10,经验3-5年,本科,新移传媒,复兴路,网络工程师
5,7,12,经验3-5年,大专,保险师 ・ 微易信息科技,文三路,网络工程师
6,20,30,经验5-10年,本科,有赞,天目山路,网络工程师-杭州-00684
7,10,20,经验3-5年,本科,金烽信息,西湖区,网络工程师
8,6,10,经验1-3年,大专,杭州施强教育科技有限公司,开发区,网络工程师
9,18,25,经验3-5年,本科,浙江执御信息技术有限公司,拱墅区,网络工程师
10,6,10,经验1-3年,大专,偶尔科技,西溪,网络工程师
11,10,20,经验5-10年,本科,八维通科技,滨江区,网络工程师
12,6,10,经验1-3年,大专,冰珑科技,西湖区,网络工程师
13,6,10,经验1-3年,本科,亲宝宝,西湖区,网络工程师
14,20,40,经验不限,本科,Caicloud,滨江区,云计算网络工程师
0,10,20,经验1-3年,本科,企朋,西湖区,运维开发工程师
1,10,15,经验3-5年,本科,个推,古墩路,运维开发工程师
2,15,25,经验3-5年,本科,上上签,西湖区,运维开发工程师
3,25,30,经验3-5年,大专,微拍堂,西湖,运维开发工程师
4,18,35,经验3-5年,大专,PingPong,西兴,运维开发工程师
5,15,25,经验5-10年,本科,贝安云,西湖区,开发运维工程师
6,8,16,经验1-3年,大专,环球黑卡,滨江区,运维开发工程师
7,10,20,经验1-3年,本科,魔蝎科技,西溪,运维开发工程师
8,20,40,经验3-5年,本科,有赞,杭州,运维开发工程师-杭州-00029
9,15,30,经验3-5年,本科,zilliz,凤起路,运维开发工程师
10,15,20,经验3-5年,大专,杭州施强教育科技有限公司,开发区,运维开发工程师
11,8,14,经验3-5年,本科,百得思维,长河,运维开发工程师
12,10,20,经验1-3年,大专,广通软件,翠苑,运维开发工程师
13,10,20,经验1-3年,本科,华卓科技,东新路,运维开发工程师（运维中心）
14,15,25,经验3-5年,本科,八维通科技,滨江区,运维开发工程师
0,10,20,经验1-3年,本科,企朋,西溪,通道运维工程师
1,12,15,经验3-5年,本科,武汉佰钧成技术有限公司,西湖区,运维工程师
2,12,15,经验1-3年,本科,个推,古墩路,运维工程师（新）
3,10,20,经验3-5年,大专,车纷享,拱墅区,运维工程师
4,15,25,经验3-5年,本科,美柚,仓前,运维工程师
5,8,15,经验3-5年,本科,霖梓控股,滨江区,运维工程师
6,8,10,经验1-3年,本科,顺联动力,长河,运维工程师
7,12,18,经验1-3年,本科,妮素股份,西湖区,运维工程师
8,8,10,经验1-3年,大专,税友软件,滨江区,运维工程师
9,10,20,经验3-5年,大专,万商汇,宁围,运维工程师
10,15,20,经验3-5年,本科,浙江新再灵科技股份有限公司,长河,运维工程师
11,6,8,经验1-3年,大专,网营科技,西湖区,运维工程师
12,10,20,经验1-3年,本科,Club Factory,古荡,运维工程师
13,6,11,经验1-3年,大专,边锋,翠苑,运维工程师
14,10,16,经验1-3年,本科,博悦科创,西湖区,运维工程师
0,20,30,经验5-10年,本科,Remar Holdings,仓前,C++应用架构师
1,10,20,经验1-3年,大专,武汉佰钧成技术有限公司,仓前,c/c++开发工程师
2,10,20,经验3-5年,本科,浙江新再灵科技股份有限公司,长河,C/C++开发工程师
3,15,20,经验5-10年,本科,美国道富,翠苑,C/C++
4,14,28,经验3-5年,不限,涂鸦智能,古墩路,Android Native C/C++工程师
5,5,10,经验不限,本科,成功软件,西湖区,C开发工程师
6,12,15,经验不限,硕士,蓝鸽集团,四季青,C/C++软件工程师
7,7,10,经验1-3年,大专,信雅达,江南,C开发工程师
8,6,12,经验1-3年,本科,骄子科技,西湖区,C/C++开发工程师
9,13,18,经验1-3年,本科,恒生电子,开发区,C/C++软件开发工程师
10,18,28,经验3-5年,本科,杭州默安科技有限公司,仓前,资深C/C++开发工程师
11,5,10,经验1-3年,本科,帕拉迪,文三路,C开发工程师
12,15,30,经验3-5年,本科,PerfMa,西溪,C/C++开发工程师
13,8,14,经验1-3年,大专,汇合营销,长河,C/C++工程师
14,6,12,经验不限,本科,智贝科技,江南,C/C++ 开发工程师
0,16,32,经验3-5年,本科,阿里文娱,西湖区,UC事业部-推荐/搜索引擎架构开发专家
1,20,40,经验1-3年,硕士,天猫,余杭区,云零售事业部-推荐/营销算法专家
2,20,30,经验3-5年,本科,杭州明霖,江南,推荐系统开发工程师
3,15,25,经验不限,本科,丁香园,长河,推荐系统工程师
4,20,35,经验3-5年,本科,美柚,仓前,搜索开发工程师/推荐系统工程师（杭州）
5,20,40,经验不限,本科,奇点云,余杭区,推荐算法工程师
6,25,50,经验1-3年,本科,我在家,仓前,推荐算法工程师
7,18,30,经验3-5年,本科,差评,仓前,推荐算法工程师
8,25,50,经验1-3年,硕士,网易游戏,长河,推荐算法工程师
9,25,40,经验3-5年,本科,宝宝树,余杭区,算法工程师（推荐算法）
10,20,40,经验1-3年,本科,数美,余杭区,推荐算法工程师
11,10,20,经验3-5年,本科,Club Factory,古荡,推荐搜索产品经理
12,13,25,经验1-3年,本科,阿拉丁集团,西兴,推荐系统产品经理
13,25,50,经验3-5年,本科,网易,长河,高级/资深推荐算法工程师
14,30,45,经验3-5年,本科,浙江执御信息技术有限公司,拱墅区,资深个性化推荐工程师
0,18,35,经验3-5年,不限,酷家乐,古墩路,搜索算法工程师
1,15,30,经验3-5年,本科,微医集团,西兴,搜索算法工程师
2,15,30,经验3-5年,本科,美柚,余杭区,高级搜索算法工程师
3,22,35,经验3-5年,本科,知衣科技,滨江区,搜索算法工程师
4,25,50,经验3-5年,本科,云集,滨江区,搜索算法专家
5,20,40,经验3-5年,本科,网易,长河,资深搜索算法工程师
6,20,40,经验1-3年,本科,同花顺,西溪,NLP/ML/搜索算法
7,20,40,经验不限,本科,蚂蚁金服集团,古荡,蚂蚁金服-搜索算法工程师/机器学习专家
8,25,50,经验3-5年,本科,网易,长河,高级/资深搜索算法工程师
9,15,30,经验3-5年,硕士,网易,长河,资深搜索算法工程师
0,11,15,经验3-5年,本科,介子网络,仓前,投资经理
1,8,12,经验1-3年,本科,赛飞软件,朝晖,投资主管
2,8,16,经验1-3年,大专,银程金服,文一路,投资经理
3,6,10,经验不限,大专,微贷网,滨江区,投资顾问
4,25,40,经验5-10年,本科,大搜车,余杭区,投资总监12-04-20
5,20,40,经验5-10年,本科,同盾科技,仓前,投资顾问
6,4,8,经验1年以下,大专,润n科技,长河,投资顾问
7,5,8,经验不限,不限,龙环普惠,宁围,销售/投资顾问
8,10,20,经验不限,本科,杭州派对家,余杭区,投资经理
9,8,12,经验1年以下,大专,奕程资产,市心北路,投资顾问
10,16,30,经验5-10年,本科,公信宝,西湖区,区块链投资经理/投资总监
11,15,20,经验1-3年,本科,浙江执御信息技术有限公司,拱墅区,投资经理
12,10,20,经验5-10年,本科,达迩科技,白杨,投资经理
13,10,18,经验1-3年,本科,金科文化,萧山区,投资经理
14,8,15,经验1年以下,大专,娜谧什,西湖区,投资助理/网络营销/销售代表
0,10,20,经验3-5年,本科,LifeSmart,长河,CEO助理
1,5,8,经验1-3年,本科,唱道,仓前,CEO助理
2,4,6,经验不限,本科,阿拉丁信息科技,滨江区,CEO助理
3,4,5,经验不限,本科,阿拉丁集团,西兴,CEO助理实习生
4,6,10,经验1-3年,大专,链然科技,浦沿,CEO助理
5,20,30,经验不限,不限,白租,仓前,ceo业务助理
6,8,11,经验3-5年,本科,微医集团,西兴,法务专员（知识产权）-Ceo office01
7,6,8,经验1-3年,本科,盼达在线,市心北路,CEO助理
8,10,20,经验1-3年,本科,秘猿科技,西湖区,CEO助理
9,12,24,经验3-5年,本科,洲华,拱墅区,CEO 私人助理/高级助理
10,20,25,经验5-10年,大专,帝峰集团,拱墅区,副总裁/CEO（理财项目）
11,7,14,经验不限,本科,金科文化,拱墅区,CEO助理
12,10,15,经验1-3年,本科,肌动科技,上城区,CEO助理
13,50,100,经验3-5年,不限,喜宝VR,西溪,CEO/首席执行官/总经理/总裁
14,15,25,经验3-5年,本科,浮云网络,朝晖,CEO助理（经营管理类）
0,20,40,经验5-10年,本科,星巢网络,西溪,财务总监
1,12,20,经验5-10年,本科,驿公里,长河,财务总监
2,30,50,经验10年以上,本科,功夫贷,西溪,CFO
3,10,15,经验5-10年,大专,枢江科技,拱宸桥,财务总监
4,15,20,经验5-10年,大专,触角科技,文三路,财务总监
5,15,25,经验5-10年,本科,鸟瞰智能,余杭区,财务总监
6,20,35,经验5-10年,本科,启沃集团,东新路,财务总监
7,15,30,经验5-10年,本科,湖畔网络,西湖区,财务总监
8,50,60,经验10年以上,本科,宋小菜,古墩路,财务总监（CFO)
9,8,10,经验3-5年,本科,琴美,萧山区,财务总监助理
10,15,25,经验10年以上,本科,磐谷分期,古荡,财务总监/资金总监
11,10,20,经验5-10年,本科,赢莱金融,近江,财务经理/财务总监
12,25,40,经验5-10年,本科,差评,仓前,首席财务总监
13,8,13,经验5-10年,大专,爆客科技,拱墅区,财务经理
14,40,50,经验10年以上,本科,宋小菜,古墩路,财务总监/财务经理
0,8,12,经验1-3年,本科,赛飞软件,朝晖,投资主管
1,20,30,经验3-5年,本科,乐刻运动,西湖区,投资开发总监
2,25,40,经验5-10年,本科,大搜车,余杭区,投资总监12-04-20
3,20,35,经验5-10年,本科,九熙资产,天目山路,高级投资总监
4,16,30,经验5-10年,本科,公信宝,西湖区,区块链投资经理/投资总监
5,11,15,经验3-5年,本科,介子网络,仓前,投资经理
6,6,10,经验不限,大专,微贷网,滨江区,投资顾问
7,8,16,经验1-3年,大专,银程金服,文一路,投资经理
8,20,40,经验5-10年,本科,同盾科技,仓前,投资顾问
9,10,20,经验3-5年,本科,路客,南山路,投资发展经理
10,10,20,经验3-5年,本科,米趣科技,开发区,投资经理（业务）
11,4,8,经验1年以下,大专,润n科技,长河,投资顾问
12,5,8,经验不限,不限,龙环普惠,宁围,销售/投资顾问
13,13,20,经验3-5年,本科,恒生电子,开发区,高级C#开发工程师-杭州（投资事业部）
14,8,12,经验1年以下,大专,奕程资产,市心北路,投资顾问
0,8,16,经验3-5年,大专,会搜股份,江干区,采购总监
1,8,10,经验3-5年,本科,宗盛智能,杭州,采购主管
2,5,10,经验3-5年,本科,链钱集团,文三路,采购主管
3,20,30,经验3-5年,不限,个推,翠苑,媒体采购总监
4,8,9,经验3-5年,本科,添品网,建设二路,采购主管
5,8,12,经验1-3年,大专,品沐家居,朝晖,采购主管/资深采购员
6,8,15,经验3-5年,本科,贝贝网,江干区,采购主管/经理（美妆/个护）
7,10,15,经验5-10年,大专,小电,仓前,采购主管
8,5,9,经验3-5年,大专,迎创,西溪,采购
9,5,7,经验1-3年,本科,飞象企服,西溪,采购/供应商管理
10,5,10,经验3-5年,大专,觅睿科技,长河,采购
11,8,10,经验1-3年,大专,备胎说车,西湖区,采购
12,2,3,经验应届毕业生,本科,年糕妈妈,西湖区,采购实习生-杭州-00314
13,8,10,经验1-3年,大专,顺联动力,滨江区,便利店采购员
14,7,9,经验1-3年,本科,巴九灵,北山,采购
0,20,30,经验3-5年,本科,个推,古墩路,公关总监
1,20,30,经验5-10年,本科,端点科技,西湖区,公关总监
2,15,25,经验5-10年,本科,虹软,文一路,公关总监
3,30,50,经验5-10年,不限,环球捕手,西湖区,公关总监
4,20,30,经验3-5年,本科,个推,古墩路,公关总监（一）
5,20,30,经验10年以上,本科,个推,古墩路,高级公关总监
0,6,10,经验1-3年,大专,聚鹏,拱墅区,商务渠道
1,6,10,经验1-3年,本科,中漾电商,西兴,商务渠道
2,10,20,经验1年以下,不限,备胎控股集团,拱墅区,商务渠道-BTXY06
3,6,12,经验3-5年,本科,蜂泰,长河,商务渠道
4,15,30,经验5-10年,本科,灵犀金融,西湖区,商务渠道专家
5,5,8,经验1-3年,本科,游卡桌游,西湖区,渠道商务
6,5,10,经验1-3年,大专,亿启网络,长河,商务渠道
7,8,16,经验3-5年,大专,环球黑卡,滨江区,渠道商务经理
8,8,10,经验3-5年,不限,米络科技（直播）,拱墅区,渠道商务主管
9,6,12,经验不限,本科,集文网,西湖区,渠道商务
10,17,34,经验3-5年,本科,挖财,高新文教区,商务渠道经理 (MJ000773)
11,4,8,经验1-3年,不限,点秦网络,西兴,渠道商务经理
12,6,12,经验1-3年,大专,淘股神,下城区,渠道商务
13,7,12,经验不限,不限,指牛科技,西湖区,商务渠道
14,6,12,经验1-3年,大专,杭州平治,西溪,渠道商务经理
0,8,15,经验3-5年,大专,心猫,西溪,SEM
1,10,20,经验3-5年,大专,达迩科技,白杨,SEM
2,10,20,经验3-5年,大专,钱粒科技,西溪,SEM／SEO
3,8,16,经验1-3年,大专,360shop,西湖区,SEM专员
4,10,20,经验3-5年,大专,匠美,天目山路,SEM/搜索引擎优化
5,10,15,经验1-3年,大专,心理壹点灵,滨江区,SEM
6,8,10,经验1-3年,本科,abc360,长河,SEM
7,4,8,经验1-3年,大专,博多集团,勾庄,SEM专员
8,8,12,经验不限,本科,光年实验室,古墩路,SEM 优化师
9,8,15,经验1-3年,本科,贝嘟科技,高教园,sem专员
10,10,15,经验3-5年,本科,乐其网络,滨江区,SEO/SEM（杭州）
11,7,12,经验1-3年,大专,简测科技,复兴路,SEM专员
12,10,20,经验3-5年,本科,浙江数秦科技,西湖区,SEM经理
13,10,20,经验3-5年,本科,浙江趣成才教育科技有限公司,四季青,sem主管
14,10,15,经验3-5年,本科,大搜车,余杭区,SEM投放经理 06-05-50
0,6,12,经验1-3年,大专,仁润科技,仓前,SEO
1,8,15,经验3-5年,大专,万商汇,萧山区,SEO
2,6,12,经验1-3年,大专,顺联动力,西兴,SEO
3,5,10,经验不限,大专,光年实验室,古墩路,在线营销优化师 - SEO方向
4,6,12,经验1-3年,大专,百佳荟,仓前,SEO专员
5,8,12,经验1-3年,大专,微链welian.com,翠苑,SEO专员
6,3,4,经验不限,不限,数游软件科技,拱墅区,SEO助理
7,3,5,经验1-3年,大专,浙江天搜科技股份有限公司,江干区,SEO/运营推广专员
8,6,12,经验3-5年,大专,采宝,仓前,SEO
9,10,20,经验3-5年,大专,钱粒科技,西溪,SEM／SEO
10,7,14,经验1-3年,不限,杭州展融信息,南星,SEO
11,6,9,经验1-3年,大专,好衣库,余杭区,SEO专员
12,8,12,经验3-5年,大专,杭州肯信,西溪,SEO主管
13,8,10,经验3-5年,大专,博多集团,勾庄,SEO主管
14,8,12,经验1-3年,本科,清蝉,勾庄,SEO主管
0,5,8,经验1-3年,本科,年糕妈妈,西湖区,内容运营-杭州-00312
1,2,3,经验不限,本科,字节跳动,江干区,内容运营实习生
2,10,14,经验3-5年,本科,微链welian.com,翠苑,内容运营
3,10,20,经验3-5年,本科,阿拉丁信息科技,滨江区,内容运营
4,5,8,经验1-3年,大专,法奈N科技,建设二路,内容运营
5,7,10,经验1-3年,不限,木木兔,西湖区,内容运营
6,12,20,经验3-5年,本科,游卡桌游,拱墅区,内容运营
7,6,12,经验3-5年,本科,涂鸦智能,古墩路,内容运营
8,8,15,经验1-3年,本科,唱道,仓前,内容运营
9,5,10,经验1-3年,大专,网营科技,西湖区,内容运营
10,5,10,经验1-3年,本科,Voyageone,余杭区,内容运营
11,10,18,经验1-3年,大专,顺联动力,西兴,内容运营
12,30,50,经验5-10年,大专,妈妈好,近江,内容运营总监
13,6,8,经验1年以下,本科,碧橙网络,古墩路,内容运营（急聘）
14,8,16,经验3-5年,本科,Momself,西兴,内容运营
0,6,8,经验1-3年,不限,浙江小融网络科技股份有限公司,西湖区,数据运营
1,10,20,经验3-5年,本科,顺网科技,西湖区,数据运营
2,21,35,经验3-5年,本科,小影APP,西溪,商业变现/数据运营
3,20,40,经验3-5年,本科,端点科技,西湖区,数据运营专家
4,4,5,经验应届毕业生,本科,个推,翠苑,数据运营实习生（阶形）
5,5,10,经验1-3年,本科,聚励云机械,余杭区,数据运营专员
6,15,20,经验3-5年,本科,小电,仓前,数据运营
7,10,18,经验不限,不限,深知科技,仓前,数据运营
8,9,15,经验3-5年,大专,拓美互娱科技有限公司,西湖区,数据运营专员
9,10,17,经验3-5年,本科,饭点儿,文三路,数据运营
10,15,25,经验1-3年,不限,橙鹰,仓前,数据运营专员
11,20,25,经验3-5年,本科,点我达,东新路,数据运营专家
12,12,15,经验1-3年,大专,宋小菜,古墩路,高级数据运营专员
13,10,20,经验3-5年,本科,大鱼科技,仓前,数据运营
14,7,13,经验1-3年,本科,青梅网络,仓前,数据运营专员
0,8,12,经验1-3年,本科,年糕妈妈,西湖区,产品运营-杭州-00311
1,10,15,经验1-3年,本科,小影APP,西溪,产品运营
2,10,20,经验3-5年,大专,电魂网络,西兴,产品运营
3,10,20,经验3-5年,本科,当堂信息,湖墅南路,产品运营
4,12,16,经验3-5年,本科,PingPong,西兴,产品运营
5,10,20,经验3-5年,本科,享贞科技,仓前,产品运营
6,8,15,经验1-3年,本科,潘帕斯,滨江区,产品运营
7,8,16,经验3-5年,本科,小泰科技,长河,产品运营
8,8,12,经验1-3年,不限,浙江小融网络科技股份有限公司,西湖区,产品运营
9,5,10,经验1-3年,本科,边锋,翠苑,产品运营
10,7,14,经验1-3年,本科,米络科技（直播）,拱墅区,产品运营
11,10,20,经验3-5年,本科,火球科技,西溪,产品运营
12,15,25,经验3-5年,本科,绿湾,长河,产品运营
13,7,14,经验1-3年,本科,闪电购,西湖区,产品运营
14,10,20,经验不限,不限,备胎控股集团,拱墅区,产品运营-BTXY02
0,7,10,经验1-3年,大专,彩铂网络,拱墅区,App/小程序设计师
1,10,20,经验3-5年,本科,网易,长河,APP产品设计师
2,10,20,经验3-5年,大专,电魂网络,西兴,动特设计
3,4,6,经验1-3年,大专,妮素股份,西湖区,设计师
4,5,10,经验1-3年,本科,橙子科技,西溪,设计师
5,8,16,经验1-3年,本科,有赞,天目山路,设计师-杭州-00264
6,6,10,经验1-3年,大专,百格有包,黄龙,设计师
7,8,15,经验3-5年,大专,酷家乐,拱墅区,陶卫设计师
8,10,20,经验1-3年,本科,脸脸,西湖区,美陈设计师
9,1,2,经验不限,本科,字节跳动,江干区,设计实习生
10,10,15,经验1年以下,本科,网易游戏,滨江区,APP视觉设计师（外包编制）
11,20,40,经验3-5年,本科,Roid,西溪,设计师
12,8,10,经验1-3年,本科,网商园,西兴,交互设计师-APP+网页
13,8,16,经验不限,大专,猪哼少,古墩路,设计大王
14,5,8,经验不限,不限,杭州尚品宅配,景芳,全屋设计师
0,13,26,经验3-5年,大专,游卡桌游,西溪,Flash开发工程师
1,5,8,经验应届毕业生,本科,杭州向正科技有限公司,艮山,flash开发工程师/AS3
2,4,8,经验应届毕业生,不限,南昌鎏彩科技有限公司,西溪,Flash设计学徒5起
3,3,5,经验1-3年,大专,玄猫动画,三墩,聘FLASH动画师若干
4,3,6,经验1-3年,大专,杭州易漫文化传媒有限公司,拱墅区,FLASH动画师
5,4,6,经验应届毕业生,不限,西界王,西湖区,flash动画师
6,8,15,经验1-3年,本科,顺网科技,西湖区,视觉设计师（Flash方向）
7,2,4,经验不限,不限,杭州鼎易科技,拱墅区,小堡动画 诚聘FLASH动画设计师
8,4,7,经验1-3年,不限,杭州龙宫文化创意有限公司,西湖区,动画师（二维Flash 2D动画)
9,2,4,经验不限,大专,字节跳动,江干区,美工设计实习生
10,15,25,经验5-10年,本科,年糕妈妈,西湖区,视觉设计经理-杭州-00309
11,8,15,经验3-5年,本科,森马电商,西湖区,品牌视觉设计师
12,8,14,经验3-5年,本科,华卓科技,东新路,UI设计师（web端）
13,2,3,经验应届毕业生,本科,杭州经纬信息技术股份有限公司,仓前,电气设计工程师
14,10,15,经验1-3年,本科,涂鸦智能,古墩路,工业设计工程师
0,10,18,经验3-5年,大专,游卡桌游,拱墅区,网页设计
1,8,16,经验1-3年,本科,触手直播,西湖区,网页设计师
2,4,8,经验1-3年,大专,杭州翰臣科技有限公司,西溪,网页设计师
3,3,5,经验不限,大专,集趣网,杭州,网页设计师
4,4,8,经验1-3年,大专,杭州千仞,白杨,网页设计师
5,4,8,经验1-3年,大专,巨创网络,北干,网页设计师
6,4,6,经验应届毕业生,大专,慧码科技,拱墅区,网页设计实习生
7,4,6,经验应届毕业生,大专,代码侠科技,三墩,网页设计实习生
8,8,12,经验3-5年,大专,杭州捷配信息科技有限公司,下城区,网页设计
9,4,8,经验应届毕业生,不限,南昌鎏彩科技有限公司,西溪,网页设计助理+周末双休
10,4,6,经验不限,不限,生望网络,西湖区,网页设计/制作
11,8,15,经验1-3年,大专,戈洛博,西湖,中高级天猫设计/淘宝设计/网页设计师
12,8,15,经验3-5年,大专,博采网络,西溪,资深网页设计师
13,4,7,经验1年以下,大专,轻松装,笕桥,网页设计制作/UI/网页美工
14,6,12,经验不限,本科,恺国电商,江干区,设计师 网页美工
0,6,12,经验1-3年,本科,通原文化,长河,工业设计师
1,5,10,经验1-3年,大专,金科文化,拱墅区,宠物用品设计师
2,25,50,经验5-10年,本科,夕尔,滨江区,工业设计总监
3,8,15,经验1-3年,大专,兆云科技,西溪,3D建模工程师
4,8,15,经验3-5年,本科,互灵物联,长河,灯具结构工程师
5,10,20,经验5-10年,本科,飞神,西湖区,结构工程师
6,5,10,经验1-3年,大专,兆云科技,西溪,3D建模师
0,9,16,经验3-5年,大专,觅睿科技,长河,PCB工程师
1,15,30,经验3-5年,本科,青声网络,杭州,PCB系统工程师／主管／经理
2,5,8,经验1-3年,大专,东华宏泰,滨江区,PCB测试工程师/PCB工程师助理
3,5,10,经验不限,大专,嘀视科技,西湖区,电子工程师/PCB板电路设计工程师
0,10,20,经验5-10年,本科,车国,江干区,运维经理
1,20,30,经验5-10年,本科,魔蝎科技,西溪,运维经理
2,25,45,经验3-5年,本科,橙鹰,仓前,运维专家/运维主管
3,15,22,经验10年以上,大专,浙数文化,凤起路,数据中心运维经理
4,9,13,经验3-5年,本科,abc360,长河,网络运维经理/主管
0,10,20,经验不限,本科,微医集团,建设二路,系统安全工程师
1,15,25,经验1-3年,本科,安恒信息,江南,系统安全研究员
2,10,18,经验不限,不限,个推,翠苑,安全开发
3,15,30,经验3-5年,本科,银泰商业集团,拱墅区,新零售安全专家
4,20,30,经验3-5年,不限,酷家乐,拱墅区,高级安全工程师
5,20,35,经验3-5年,本科,大搜车,余杭区,资深安全研发工程师
6,15,20,经验3-5年,本科,空天区块链,长河,信息安全工程师
7,12,20,经验1-3年,本科,数梦工场,西湖区,信息安全技术工程师
8,30,45,经验5-10年,本科,Roid,西溪,安全架构师
9,10,20,经验3-5年,本科,凌动智行,下城区,网络安全专员
10,15,30,经验3-5年,本科,京东金融,拱墅区,WAF系统安全开发工程师
11,7,10,经验1-3年,大专,漠坦尼,黄龙,安全网络工程师
12,15,30,经验3-5年,本科,曹操专车,滨江区,安全测试工程师
13,6,10,经验1-3年,本科,连线网络,西湖区,安全运维专员
14,8,12,经验1-3年,大专,天玑科技,三墩,安全运维工程师
0,5,10,经验1-3年,本科,孝道科技,拱墅区,网络安全工程师
1,17,25,经验3-5年,本科,网易,浦沿,网络安全工程师
2,20,30,经验3-5年,本科,同盾科技,仓前,网络安全工程师-杭州-00629
3,10,20,经验3-5年,本科,凌动智行,下城区,网络安全专员
4,7,10,经验1-3年,大专,漠坦尼,黄龙,安全网络工程师
5,10,18,经验1-3年,大专,贝连,长河,网络安全工程师
6,16,25,经验1-3年,本科,一知安全,萧山区,网络安全软件开发工程师
7,12,20,经验3-5年,本科,安恒信息,滨江区,网络安全课程开发工程师
8,18,36,经验不限,不限,蚂蚁金服集团,古荡,蚂蚁金服-系统网络安全（高级/资深）专家-平台安全
9,10,18,经验不限,不限,个推,翠苑,安全开发
10,10,20,经验3-5年,大专,环球黑卡,滨江区,安全工程师
11,15,30,经验3-5年,不限,依图科技,西溪,网络工程师 (MJ000051)
12,20,30,经验5-10年,本科,有赞,天目山路,网络工程师-杭州-00684
13,15,30,经验3-5年,本科,银泰商业集团,拱墅区,新零售安全专家
14,18,25,经验3-5年,本科,浙江执御信息技术有限公司,拱墅区,网络工程师
0,10,20,经验1-3年,本科,企朋,西溪,通道运维工程师
1,15,25,经验5-10年,本科,银承库,江干区,测试专家/测试leader
2,15,25,经验3-5年,本科,中电博亚,西湖区,资深运维
3,15,25,经验3-5年,本科,个推,翠苑,高级数据建模工程师
4,10,20,经验3-5年,本科,涂鸦智能,古墩路,linux嵌入式开发工程师
5,12,13,经验3-5年,本科,武汉佰钧成技术有限公司,良渚,功能测试-高级
6,15,28,经验5-10年,大专,税友软件,开发区,高级运维工程师
7,25,40,经验5-10年,本科,微拍堂,西溪,大数据ETL攻城狮
8,10,16,经验1-3年,本科,达摩网络,文一路,数据库开发工程师
9,12,24,经验5-10年,本科,华卓科技,东新路,高级运维工程师（运维中心）
10,20,28,经验3-5年,本科,连连支付,长河,DBA
11,10,20,经验3-5年,大专,环球黑卡,滨江区,高级软件测试工程师
12,10,15,经验1-3年,本科,边锋,翠苑,DBA数据库管理员(sql/mysql)
13,10,15,经验1-3年,本科,树熊云,余杭区,PCDN节点开发工程师
14,8,16,经验3-5年,本科,备胎控股集团,拱墅区,DBA工程师-BTBX17
0,25,45,经验5-10年,本科,京东金融,三墩,高级开发工程师-Python/Java/Go
1,15,28,经验不限,本科,涂鸦智能,古墩路,Golang 开发工程师-中间件方向
2,10,20,经验1-3年,本科,浙江新再灵科技股份有限公司,长河,Golang开发
3,20,40,经验1-3年,本科,聚励云机械,文一路,golang开发工程师
4,12,24,经验3-5年,本科,阿拉丁集团,西兴,golang 开发
5,10,20,经验1-3年,本科,袋鼠云,西溪,golang开发
6,10,20,经验3-5年,本科,蜂融网络,西溪,Golang开发工程师
7,15,30,经验不限,不限,深知科技,仓前,Golang开发工程师
8,15,25,经验3-5年,本科,顺网科技,西湖区,Go语言开发工程师
9,3,5,经验不限,本科,中科视拓,滨江区,Golang实习工程师
10,18,30,经验5-10年,本科,云霁科技,仓前,资深Golang开发工程师
11,10,15,经验1-3年,本科,爱租步租,宁围,Golang开发工程师
12,15,25,经验3-5年,本科,ULSee,四季青,Go开发工程师
13,10,20,经验应届毕业生,本科,溯博链鑫区块链,下沙,go 开发工程师
14,25,40,经验5-10年,大专,微拍堂,西溪,GO后端攻城狮
0,10,18,经验3-5年,本科,杏和软件,浦沿,C# asp.net 开发工程师
1,12,18,经验3-5年,大专,畅唐网络,西兴,ASP.NET高级程序员
2,5,10,经验1-3年,不限,禹方科技,杭州,ASP.NET开发工程师
3,7,13,经验1-3年,大专,格鲁伯,米市巷,ASP.net程序员
4,3,5,经验应届毕业生,本科,博客园,西湖区,ASP.NET Core 开发实习生（博客产品）
5,2,3,经验应届毕业生,本科,杭州新思,小河,C#/asp.net实习生
